id,.PROCEDIMIENTO,.MATERIA,.ADMINISTRACIÓN,.EJERCICIO,.PROVEEDOR,UNIDAD.ADMINISTRATIVA.CONVOCANTE,DEPENDENCIA.SOLICITANTES,.CONCEPTO,.CATEGORÍA,.MONTO.TOTAL.O.MÁXIMO,PROCEDENCIA.DE.LOS.RECURSOS,.PERIODO.DE.CONTRATO..INICIO,.PERIODO.DE.CONTRATO..TERMINACIÓN,.FECHA.DE.CONTRATO,CONCURSANTES.2a.LICITACIÓN
4,LICITACIÓN PÚBLICA,ADQUISICIÓN,2016-2018,2017,C. NEREYDA MONSEERRAT HERRERA ANDRADE,OFICIALÍA MAYOR,SECRETARÍA DE SEGURIDAD PÚBLICA,PRESTACIÓN DE SERVICIOS DE SUMINISTRO DE ALIMENTOS PARA LA PRIMERA GENERACIÓN DE LA ACADEMIA DE POLICÍAS,ALIMENTOS: ACADEMIAS POLICÍA / TRÁNSITO,1995200,FONDO DE INVERSIÓN MUNICIPAL (IMD),42888,2017/12/20 00:00:00,42891,"1.-COMEDORES Y SERVICIOS DE CHIHUAHUA I, S.A. DE C.V. 2.-EVENTOS Y EQUIPO FINO DE CHIHUAHUA, S. DE R.L. DE C.V. 3.-ALMA ELIZABETH CHEW CANTÚ. 4.-NEREYDA MONSEERRAT HERRERA ANDRADE."
54,LICITACIÓN PÚBLICA,ADQUISICIÓN,2016-2018,2018,"SÚPER GAS DE CIUDAD JUÁREZ, S.A. DE C.V.",OFICIALÍA MAYOR,DIRECCIÓN DE RECURSOS MATERIALES,SUMINISTRO DE GAS LICUADO DE PETRÓLEO Y MANTENIMIENTO DE TANQUES ESTACIONARIOS QUE INSTALE,COMBUSTIBLE,1135226.85,GASTO CORRIENTE,43101,2018/09/09 00:00:00,43109,"SÚPER GAS DE CIUDAD JUÁREZ, S.A. DE C.V., GAS COMERCIAL DE VILLA AHUMADA, S.A. DE C.V."
59,LICITACIÓN PÚBLICA,ADQUISICIÓN,2016-2018,2017,"SERVICIO NUEVA REFORMA, S.A. DE C.V.",OFICIALÍA MAYOR,DIRECCIÓN DE RECURSOS MATERIALES,SUMINISTRO DE GASOLINA Y DIESEL,COMBUSTIBLE,15120000,GASTO CORRIENTE,42736,2017/12/31 00:00:00,42740,"1.-SERVICIO NUEVA REFORMA, S.A. DE C.V.  2.-SERVICIO CHAPULTEPEC, S.A. DE C.V. 3.-SERVICIO ANAPRA, S.A. DE C.V.  4.-SUPER´S RAPIDITOS BIP BIP, S.A. DE C.V. 5.-SERVICIO IMPERIAL, S.A. DE C.V. 6.-SERVICIO IMPERIAL DE MÉXICO, S.A. DE C.V. 7.-SÚPER SERVICIO HERRERA DEL NORTE, S.A. DE C.V."
60,LICITACIÓN PÚBLICA,ADQUISICIÓN,2016-2018,2017,"SERVICIO IMPERIAL, S.A. DE C.V.",OFICIALÍA MAYOR,DIRECCIÓN DE RECURSOS MATERIALES,SUMINISTRO DE GASOLINA Y DIESEL,COMBUSTIBLE,38800579.1,GASTO CORRIENTE,42736,2017/12/31 00:00:00,42740,"1.-SERVICIO NUEVA REFORMA, S.A. DE C.V.  2.-SERVICIO CHAPULTEPEC, S.A. DE C.V. 3.-SERVICIO ANAPRA, S.A. DE C.V.  4.-SUPER´S RAPIDITOS BIP BIP, S.A. DE C.V. 5.-SERVICIO IMPERIAL, S.A. DE C.V. 6.-SERVICIO IMPERIAL DE MÉXICO, S.A. DE C.V. 7.-SÚPER SERVICIO HERRERA DEL NORTE, S.A. DE C.V."
61,LICITACIÓN PÚBLICA,ADQUISICIÓN,2016-2018,2017,"SUPER´S RAPIDITOS BIP BIP, S.A. DE C.V.",OFICIALÍA MAYOR,DIRECCIÓN DE RECURSOS MATERIALES,SUMINISTRO DE GASOLINA Y DIESEL,COMBUSTIBLE,41897908.9,GASTO CORRIENTE,42736,2017/12/31 00:00:00,42740,"1.-SERVICIO NUEVA REFORMA, S.A. DE C.V.  2.-SERVICIO CHAPULTEPEC, S.A. DE C.V. 3.-SERVICIO ANAPRA, S.A. DE C.V.  4.-SUPER´S RAPIDITOS BIP BIP, S.A. DE C.V. 5.-SERVICIO IMPERIAL, S.A. DE C.V. 6.-SERVICIO IMPERIAL DE MÉXICO, S.A. DE C.V. 7.-SÚPER SERVICIO HERRERA DEL NORTE, S.A. DE C.V."
179,LICITACIÓN PÚBLICA,OBRA PÚBLICA,2016-2018,2018,C. FRANCISCO JAVIER ACOSTA REYES,DIRECCIÓN GENERAL DE OBRAS PÚBLICAS,DIRECCIÓN GENERAL DE OBRAS PÚBLICAS,"Introducción de Red de Agua Potable, Alcantarillado y Revestimiento en C. Isla Carolinas tramo: C. General Treviño a C. Isla Santa Lucía, en Col. Plutarco Elías Calles del Municipio de juárez, Chihuahua",PAVIMENTACIÓN,3046560.18,FONDO DE INFRAESTRUCTURA SOCIAL MUNICIPAL (FISM),43250,2018/08/27 00:00:00,43236,"FRANCISCO JAVIER ACOSTA REYES
VELO URBANIZADORA, S.A. DE C.V.
LLAEE URBANIZACIÓN Y CONSTRUCCIÓN, S.A. DE C.V"
180,LICITACIÓN PÚBLICA,OBRA PÚBLICA,2016-2018,2018,"INMUEBLES Y CONSTRUCCIONES MAYAB, S.A. DE C.V.",DIRECCIÓN GENERAL DE OBRAS PÚBLICAS,DIRECCIÓN GENERAL DE OBRAS PÚBLICAS,"Introducción de Red de Agua Potable, Alcantarillado y Revestimiento en C. Vicente Suárez tramo: C. Luis Escobar a C. Tercera, en col. Zaragoza/El Papalote del Municipio de Juárez, Chihuahua",PAVIMENTACIÓN,3840094.83,FONDO DE INFRAESTRUCTURA SOCIAL MUNICIPAL (FISM),43250,2018/08/27 00:00:00,43236,"INMUEBLES Y CONSTRUCCIONES MAYAB, S.A. DE C.V.	
MANUEL DAVID RICO RASCÓN
MANIOBRAS CONSTRUCTIVAS DE JUÁREZ, S.A. DE C.V.	
URBANIZADORA GRICARSA, S.A. DE C.V.
SOYO CONSTRUCCIONES, S.A. DE C.V.
JOSÉ LUIS RODRÍGUEZ BAEZA
COMPAÑÍA CONSTRUCTORA FRONTERIZA, S.A. DE C.V.
FEDERICO HERNÁNDEZ SÁNCHEZ EN ASOCIACIÓN CON CPA CONSTRUCCIONES, PROYECTOS Y ASESORÍAS, S.A. DE C.V.	
CONSTRUCTORA ANGLO, S.A. DE C.V.	
RT DE JUÁREZ, S. DE R.L. M.I.	
GEYSER, S.A. DE C.V.	
CONSTRUCCIONES Y URBANIZACIONES MAD, S. DE R.L. DE C.V."
181,LICITACIÓN PÚBLICA,OBRA PÚBLICA,2016-2018,2018,"SOYO CONSTRUCCIONES, S.A. DE C.V.",DIRECCIÓN GENERAL DE OBRAS PÚBLICAS,DIRECCIÓN GENERAL DE OBRAS PÚBLICAS,"Introducción de Red de Agua Potable, Alcantarillado y Revestimiento en C. Isla Santa Lucía tramo: C. Isla Curazao a C. Isla Célebes, en Col.  Plutarco Elías Calles",PAVIMENTACIÓN,3130204.6199999996,FONDO DE INFRAESTRUCTURA SOCIAL MUNICIPAL (FISM),43250,2018/08/27 00:00:00,43236,"SOYO CONSTRUCCIONES, S.A. DE C.V.
VELO URBANIZADORA, S.A. DE C.V.
FRANCISCO JAVIER ACOSTA REYES
LLAEE URBANIZACIÓN Y CONSTRUCCIÓN, S.A. DE C.V
CONSTRUCTORA ANGLO, S.A. DE C.V.
COMPAÑÍA CONSTRUCTORA FRONTERIZA, S.A. DE C.V."
182,LICITACIÓN PÚBLICA,OBRA PÚBLICA,2016-2018,2018,"ARQUITECTURA E INGENIERÍA S Y CH, S.A. DE C.V.",DIRECCIÓN GENERAL DE OBRAS PÚBLICAS,DIRECCIÓN GENERAL DE OBRAS PÚBLICAS,"Introducción de Red de Agua Potable, Alcantarillado y Revestimiento en C. Isla Jamaica /Isla Java tramo: C. Isla Mindanao - C. Isla Java y C. Isla Jamaica –Isla Tiburón,en Col. 16 de Septiembre",PAVIMENTACIÓN,2181253.61,FONDO DE INFRAESTRUCTURA SOCIAL MUNICIPAL (FISM),43250,2018/08/27 00:00:00,43236,"ARQUITECTURA E INGENIERÍA S Y CH, S.A. DE C.V.
SOYO CONSTRUCCIONES, S.A. DE C.V.
VELO URBANIZADORA, S.A. DE C.V.
FRANCISCO JAVIER ACOSTA REYES
CPA CONSTRUCCIONES, PROYECTOS Y ASESORÍAS, S.A. DE C.V."
183,LICITACIÓN PÚBLICA,OBRA PÚBLICA,2016-2018,2018,"VELO URBANIZADORA, S.A. DE C.V.",DIRECCIÓN GENERAL DE OBRAS PÚBLICAS,DIRECCIÓN GENERAL DE OBRAS PÚBLICAS,"Introducción de Red de Agua Potable, Alcantarillado y Revestimiento en C. Isla Hawai/ Isla Jamaica tramo: C. Isla  Tiburón- Isla Jamaica y C. Isla Hawai – Isla Elba, en Col. 16 de Septiembre",PAVIMENTACIÓN,2587199.06,FONDO DE INFRAESTRUCTURA SOCIAL MUNICIPAL (FISM),43250,2018/08/27 00:00:00,43236,"VELO URBANIZADORA, S.A. DE C.V.
ARQUITECTURA E INGENIERÍA S Y CH, S.A. DE C.V., FRANCISCO JAVIER ACOSTA REYES
CPA CONSTRUCCIONES, PROYECTOS Y ASESORÍAS, S.A. DE C.V."
184,LICITACIÓN PÚBLICA,OBRA PÚBLICA,2016-2018,2018,"DYM INGENIEROS CONSTRUCTORES, S.A. DE C.V.",DIRECCIÓN GENERAL DE OBRAS PÚBLICAS,DIRECCIÓN GENERAL DE OBRAS PÚBLICAS,"Introducción de Red de Agua Potable, Alcantarillado y Revestimiento en C. Guasave tramo: Blvd. Bernardo Norzagaray – C. Los Mochis, en Col. Franja Sara Lugo",PAVIMENTACIÓN,1320428.6700000002,FONDO DE INFRAESTRUCTURA SOCIAL MUNICIPAL (FISM),43252,2018/08/29 00:00:00,43237,"DYM INGENIEROS CONSTRUCTORES, S.A. DE C.V.	
ARQUITECTURA E INGENIERÍAS Y CH, S.A. DE C.V.
VELO URBANIZADORA, S.A. DE C.V.
FRANCISCO JAVIER ACOSTA REYES
CAMINOS Y DESARROLLOS URBANOS, S.A. DE C.V."
185,LICITACIÓN PÚBLICA,OBRA PÚBLICA,2016-2018,2018,"URBANIZADORA GRICARSA, S.A. DE C.V.",DIRECCIÓN GENERAL DE OBRAS PÚBLICAS,DIRECCIÓN GENERAL DE OBRAS PÚBLICAS,"Introducción de Red de Agua Potable, Alcantarillado y Revestimiento en C. Tugsteno tramo: C. Carlos Marx – C. Rubén Jaramillo, en Col. México 68",PAVIMENTACIÓN,2694813.77,FONDO DE INFRAESTRUCTURA SOCIAL MUNICIPAL (FISM),43252,2018/08/29 00:00:00,43237,"URBANIZADORA GRICARSA, S.A. DE C.V.
SOYO CONSTRUCCIONES, S.A. DE C.V.
ARQUITECTURA E INGENIERÍA S Y CH, S.A. DE C.V.
DYM INGENIEROS CONSTRUCTORES, S.A. DE C.V.	
VELO URBANIZADORA, S.A. DE C.V.
CONSTRUCTORA ANGLO, S.A. DE C.V.
FRANCISCO JAVIER ACOSTA REYES
CONSTRUCTORA FIGOSA, S.A. DE C.V."
186,LICITACIÓN PÚBLICA,OBRA PÚBLICA,2016-2018,2018,"DYM INGENIEROS CONSTRUCTORES, S.A. DE C.V.",DIRECCIÓN GENERAL DE OBRAS PÚBLICAS,DIRECCIÓN GENERAL DE OBRAS PÚBLICAS,"Introducción de Red de Agua Potable, Alcantarillado y Revestimiento en C. Cangrejo / C. Bagre tramo: C. Ostión - C. Bagre y C. Cangrejo – Av. Rancho Anapra,",PAVIMENTACIÓN,7009265.57,FONDO DE INFRAESTRUCTURA SOCIAL MUNICIPAL (FISM),43252,2018/08/29 00:00:00,43237,"DYM INGENIEROS CONSTRUCTORES, S.A. DE C.V.	
URBANIZADORA GRICARSA, S.A. DE C.V.
MANIOBRAS CONSTRUCTIVAS DE JUÁREZ, S.A. DE C.V.
MANUEL DAVID RICO RASCÓN
COMPANÍA CONSTRUCTORA FRONTERIZA, S.A. DE C.V.
URBANIZACIONES Y CONSTRUCCIONES BCH, S.A. DE C.V.
SOYO CONSTRUCCIONES, S.A. DE C.V.
JOSÉ LUIS RODRÍGUEZ BAEZA
RT DE JUÁREZ, S. DE R.L. M.I.
COPSA SISTEMAS CONSTRUCTIVOS, OBRA Y PROYECTOS, S.A. DE C.V.
CONSTRUCTORA FIGOSA, S.A. DE C.V.
CAMINOS Y DESARROLLOS URBANOS, S.A. DE C.V."
187,LICITACIÓN PÚBLICA,OBRA PÚBLICA,2016-2018,2018,C. FRANCISCO JAVIER ACOSTA REYES,DIRECCIÓN GENERAL DE OBRAS PÚBLICAS,DIRECCIÓN GENERAL DE OBRAS PÚBLICAS,"Introducción de Red de Agua Potable, Alcantarillado y Revestimiento en C. Camilo Cien Fuegos tramo: C. Sierra Maestra Norzagaray – Tope Sur, en Col. México 68",PAVIMENTACIÓN,1201206.97,FONDO DE INFRAESTRUCTURA SOCIAL MUNICIPAL (FISM),43252,2018/08/29 00:00:00,43237,"FRANCISCO JAVIER ACOSTA REYES
DYM INGENIEROS CONSTRUCTORES, S.A. DE C.V.	
ARTURO DÁVILA DOZAL"
188,LICITACIÓN PÚBLICA,OBRA PÚBLICA,2016-2018,2018,C. MANUEL DAVID RICO RASCÓN,DIRECCIÓN GENERAL DE OBRAS PÚBLICAS,DIRECCIÓN GENERAL DE OBRAS PÚBLICAS,"Introducción de Red de Agua Potable, Alcantarillado y Revestimiento en C. Ostión tramo: C. Congrio – C. Cangrejo, en Col. Puerto Anapra",PAVIMENTACIÓN,4058402.27,FONDO DE INFRAESTRUCTURA SOCIAL MUNICIPAL (FISM),43252,2018/08/29 00:00:00,43237,"MANUEL DAVID RICO RASCÓN
JOAQUÍN FERNANDO MACÍAS DELGADO
VELO URBANIZADORA, S.A. DE C.V.
RT DE JUÁREZ, S. DE R.L. M.I.
COPSA SISTEMAS CONSTRUCTIVOS, OBRA Y PROYECTOS, S.A. DE C.V.
CONSTRUCTORA ANGLO, S.A. DE C.V.
CONSTRUCTORA FIGOSA, S.A. DE C.V.
CONSTRUCCIONES Y URBANIZACIONES MAD, S. DE R.L. DE C.V.
ARTURO DÁVILA DOZAL
COMPAÑÍA CONSTRUCTORA FRONTERIZA, S.A. DE C.V.
CAMINOS Y DESARROLLOS URBANOS, S.A. DE C.V."
189,LICITACIÓN PÚBLICA,OBRA PÚBLICA,2016-2018,2018,C. JOAQUÍN FERNANDO MACÍAS DELGADO,DIRECCIÓN GENERAL DE OBRAS PÚBLICAS,DIRECCIÓN GENERAL DE OBRAS PÚBLICAS,"Introducción de Red de Agua Potable, Alcantarillado y Revestimiento en C. Charal tramo: C. Salmón – C. Salmonete, en Col. Ouerto Anapra",PAVIMENTACIÓN,1660620.06,FONDO DE INFRAESTRUCTURA SOCIAL MUNICIPAL (FISM),43252,2018/08/29 00:00:00,43237,"JOAQUÍN FERNANDO MACÍAS DELGADO
CONSTRUCTORA FIGOSA, S.A. DE C.V.
VELO URBANIZADORA, S.A. DE C.V.
FRANCISCO JAVIER ACOSTA REYES
ARTURO DÁVILA DOZAL"
205,LICITACIÓN PÚBLICA,OBRA PÚBLICA,2016-2018,2018,C. MANUEL DAVID RICO RASCÓN,DIRECCIÓN GENERAL DE OBRAS PÚBLICAS,DIRECCIÓN GENERAL DE OBRAS PÚBLICAS,"Construcción de banquetas en las siguientes vialidades: 1.- C. Santa Clara ($89,487.07), 2.- C. Sierra Maestra- C. Fidel Castro ($177,140.71), 3.- C. Arturo Álvarez ($386,656.72), 4.- Atrás Quedo la Huella ($1,060,628.95), 5.- C. Diego Lucero ($589,614.11), 6.- C. Mortero ($223,977.41) y 7.- Che Guevara ($563,210.90)",OBRAS COMPLEMENTARIAS,3585230.41,FONDO DE INFRAESTRUCTURA SOCIAL MUNICIPAL (FISM),43252,2018/08/29 00:00:00,43237,"MANUEL DAVID RICO RASCÓN
MBZ CONSTRUCTORA, S.A. DE C.V.
CONSTRUCTORA FIGOSA, S.A. DE C.V.
PROYECTOS Y CONSTRUCCIONES VALAR, S.A. DE C.V.
CONSTRUCTORA Y ARRENDADORA CENSOL, S.A. DE C.V.
CAMINOS Y DESARROLLOS URBANOS, S.A. DE C.V.
JOAQUÍN FERNANDO MACÍAS DELGADO
TRABCOM CONSTRUCTORA, S.A. DE C.V.
URBANIZACIONES Y CONSTRUCCIONES BCH, S.A. DE C.V.
MORIEL DISEÑOS Y CONSTRUCCIONES, S.A. DE C.V.
RT DE JUÁREZ, S. DE R.L. M.I.
ABBUD Y ASOCIADOS CONSTRUCCIONES, S.A. DE C.V.
CONSTRUCTORA ELÉCTRICA FER, S.A. DE C.V."
206,LICITACIÓN PÚBLICA,OBRA PÚBLICA,2016-2018,2018,"CONSTRUCTORA FIGOSA, S.A DE C.V.",DIRECCIÓN GENERAL DE OBRAS PÚBLICAS,DIRECCIÓN GENERAL DE OBRAS PÚBLICAS,"Construcción de banquetas en las siguientes vialidades: 1.- C. Isla Martinica ($302,894.13), 2.- C. Isla Malvinas ($177,725.39), 3.- C. Sombrerete ($377,568.43), 4.- Ramón Rayón ($208,141.78), 5.- C. Zimapan ($330,435.51), 6.- C. Isla Guadalupe ($237,646.83) y 7.- Isla Miravalles ($951,687.68)",OBRAS COMPLEMENTARIAS,2999875.71,FONDO DE INFRAESTRUCTURA SOCIAL MUNICIPAL (FISM),43252,2018/08/29 00:00:00,43237,"CONSTRUCTORA FIGOSA, S.A DE C.V.
MBZ CONSTRUCTORA, S.A. DE C.V.
CONSTRUCTORA Y ARRENDADORA CENSOL, S.A. DE C.V.
PROYECTOS Y CONSTRUCCIONES VALAR, S.A. DE C.V.
CAMINOS Y DESARROLLOS URBANOS, S.A. DE C.V.
JOAQUÍN FERNANDO MACÍAS DELGADO
FRANCISCO JAVIER ACOSTA REYES"
207,LICITACIÓN PÚBLICA,OBRA PÚBLICA,2016-2018,2018,"MBZ CONSTRUCTORA, S.A. DE C.V.",DIRECCIÓN GENERAL DE OBRAS PÚBLICAS,DIRECCIÓN GENERAL DE OBRAS PÚBLICAS,"Construcción de banquetas en las siguientes vialidades: 1.- C. Congrio ($263,018.25), 2.- C. Cotoalado ($224,758.34), 3.- C. Erizo de Mar ($177,289.30), 4.- Delfín ($308,433.41), 5.- C. Esturión ($284,029.63), 6.- C. Hipocampo ($445,477.03), 7.- Cangrejo (Carpa) ($941,784.78) y 8.- Huachinango ($304,692.04)",OBRAS COMPLEMENTARIAS,3421400.0199999996,FONDO DE INFRAESTRUCTURA SOCIAL MUNICIPAL (FISM),43252,2018/08/29 00:00:00,43238,"MBZ CONSTRUCTORA, S.A. DE C.V.
MANUEL DAVID RICO RASCÓN
LLAEE URBANIZACIÓN Y CONSTRUCCIÓN, S.A. DE C.V
PROYECTOS Y CONSTRUCCIONES VALAR, S.A. DE C.V.
COPSA SISTEMAS CONSTRUCTIVOS, OBRA Y PROYECTOS, S.A. DE C.V.
TRABCOM CONSTRUCTORA, S.A. DE C.V.
MAQUINARIA Y MATERIALES DE LA FRONTERA, S.A. DE C.V.
CAMINOS Y DESARROLLOS URBANOS, S.A. DE C.V.
MB CONSTRUYE VERDE, S.A. DE C.V.
RT DE JUÁREZ, S. DE R.L. M.I.
CONSTRUCTORA ELÉCTRICA FER, S.A. DE C.V.
MANIOBRAS CONSTRUCTIVAS DE JUÁREZ, S.A. DE C.V."
210,LICITACIÓN PÚBLICA,OBRA PÚBLICA,2016-2018,2018,"PROYECTA, DISEÑO Y CONSTRUCCIÓN, S.A. DE C.V.",DIRECCIÓN GENERAL DE OBRAS PÚBLICAS,DIRECCIÓN GENERAL DE OBRAS PÚBLICAS,Construcción de 80 Cuartos con Baño en Zonas (ZAP),CUARTOS ROSAS / INDEPENDIENTES,8768326.780000001,FONDO PARA LA INFRAESTRUCTURA SOCIAL MUNICIPAL (FISM),43252,2018/08/29 00:00:00,43238,"PROYECTA, DISEÑO Y CONSTRUCCIÓN, S.A. DE C.V.
MORIEL DISEÑOS Y CONSTRUCCIONES, S.A. DE C.V.
MBZ CONSTRUCTORA, S.A. DE C.V.
COMPAÑÍA CONSTRUCTORA FRONTERIZA, S.A. DE C.V.
GEYSER, S.A. DE C.V.
JOSÉ LUIS RODRÍGUEZ BAEZA"
211,LICITACIÓN PÚBLICA,OBRA PÚBLICA,2016-2018,2018,"ABBUD Y ASOCIADOS CONSTRUCCIONES, S.A. DE C.V.",DIRECCIÓN GENERAL DE OBRAS PÚBLICAS,DIRECCIÓN GENERAL DE OBRAS PÚBLICAS,CONSTRUCCIÓN DE 100 CUARTOS CON BAÑO EN ZONAS (ZAP),CUARTOS ROSAS / INDEPENDIENTES,10985385.6,FONDO PARA LA INFRAESTRUCTURA SOCIAL MUNICIPAL (FISM),43312,2018/08/31 00:00:00,43280,"COMPAÑÍA CONSTRUCTORA FRONTERIZA, S.A. DE C.V.
ABBUD Y ASOCIADOS CONSTRUCCIONES, S.A. DE C.V.
AI GRUPO DESARROLLADOR Y CONSTRUCTOR, S.A. DE C.V.
LAGUERA CONSTRUCCIONES, S.A. DE C.V.
CONSTRUCTORA ANGLO, S.A. DE C.V.
CONSTRUCTORA ELÉCTRICA FER, S.A. DE C.V.
URBANIZACIONES Y CONSTRUCCIONES BCH, S.A. DE C.V."
212,LICITACIÓN PÚBLICA,OBRA PÚBLICA,2016-2018,2018,"LAGUERA CONSTRUCCIONES, S.A. DE C.V.",DIRECCIÓN GENERAL DE OBRAS PÚBLICAS,DIRECCIÓN GENERAL DE OBRAS PÚBLICAS,Construcción de 100 Cuartos con Baño en Zonas (ZAP),CUARTOS ROSAS / INDEPENDIENTES,10983449.56,FONDO PARA LA INFRAESTRUCTURA SOCIAL MUNICIPAL (FISM),43252,2018/08/29 00:00:00,43238,"LAGUERA CONSTRUCCIONES, S.A. DE C.V.
COMPAÑÍA CONSTRUCTORA FRONTERIZA, S.A. DE C.V.
AI GRUPO DESARROLLADOR Y CONSTRUCTOR, S.A. DE C.V.
MANUEL DAVID RICO RASCÓN
CONSTRUCTORA ANGLO, S.A. DE C.V."
213,LICITACIÓN PÚBLICA,OBRA PÚBLICA,2016-2018,2018,"AI GRUPO DESARROLLADOR Y CONSTRUCTOR, S.A. DE C.V.",DIRECCIÓN GENERAL DE OBRAS PÚBLICAS,DIRECCIÓN GENERAL DE OBRAS PÚBLICAS,Construcción de 100 Cuartos con Baño en Zonas (ZAP),CUARTOS ROSAS / INDEPENDIENTES,10984245.32,FONDO PARA LA INFRAESTRUCTURA SOCIAL MUNICIPAL (FISM),43252,2018/08/29 00:00:00,43238,"AI GRUPO DESARROLLADOR Y CONSTRUCTOR, S.A. DE C.V.
COMPAÑÍA CONSTRUCTORA FRONTERIZA, S.A. DE C.V.
ABBUD Y ASOCIADOS CONSTRUCCIONES, S.A. DE C.V.
MB CONSTRUYE VERDE, S.A. DE C.V.
CAMINOS Y DESARROLLOS URBANOS, S.A. DE C.V.
CONSTRUCTORA ANGLO, S.A. DE C.V."
214,LICITACIÓN PÚBLICA,OBRA PÚBLICA,2016-2018,2018,"ABBUD Y ASOCIADOS CONSTRUCCIONES, S.A. DE C.V.",DIRECCIÓN GENERAL DE OBRAS PÚBLICAS,DIRECCIÓN GENERAL DE OBRAS PÚBLICAS,Construcción de 100 Cuartos con Baño en Zonas (ZAP),CUARTOS ROSAS / INDEPENDIENTES,10993874.48,FONDO PARA LA INFRAESTRUCTURA SOCIAL MUNICIPAL (FISM),43252,2018/08/29 00:00:00,43238,"ABBUD Y ASOCIADOS CONSTRUCCIONES, S.A. DE C.V.
PROYECTA DISEÑO Y CONSTRUCCIÓN, S.A. DE C.V.
CAMINOS Y DESARROLLOS URBANOS, S.A. DE C.V.
AI GRUPO DESARROLLADOR Y CONSTRUCTOR, S.A. DE C.V.
MB CONSTRUYE VERDE, S.A. DE C.V.
CONSTRUCTORA ANGLO, S.A. DE C.V."
215,LICITACIÓN PÚBLICA,OBRA PÚBLICA,2016-2018,2018,"C. FRANCISCO JAVIER ACOSTA REYES EN ASOCIACIÓN CON MBZ CONSTRUCTORA, S.A. DE C.V.",DIRECCIÓN GENERAL DE OBRAS PÚBLICAS,DIRECCIÓN GENERAL DE OBRAS PÚBLICAS,Construcción de 100 Cuartos con Baño en Zonas (ZAP),CUARTOS ROSAS / INDEPENDIENTES,10998753.44,FONDO PARA LA INFRAESTRUCTURA SOCIAL MUNICIPAL (FISM),43252,2018/08/29 00:00:00,43238,"FRANCISCO JAVIER ACOSTA REYES EN ASOCIACIÓN CON MBZ CONSTRUCTORA, S.A. DE C.V.
MB CONSTRUYE VERDE, S.A. DE C.V.
SOYO CONSTRUCCIONES, S.A. DE C.V.
AI GRUPO DESARROLLADOR Y CONSTRUCTOR, S.A. DE C.V."
216,LICITACIÓN PÚBLICA,OBRA PÚBLICA,2016-2018,2018,"SOYO CONSTRUCCIONES, S.A. DE C.V.",DIRECCIÓN GENERAL DE OBRAS PÚBLICAS,DIRECCIÓN GENERAL DE OBRAS PÚBLICAS,Construcción de 100 Cuartos con Baño en Zonas (ZAP),CUARTOS ROSAS / INDEPENDIENTES,10989863.2,FONDO PARA LA INFRAESTRUCTURA SOCIAL MUNICIPAL (FISM),43252,2018/08/29 00:00:00,43238,"SOYO CONSTRUCCIONES, S.A. DE C.V.
MBZ CONSTRUCTORA, S.A. DE C.V. EN ASOCIACIÓN CON FRANCISCO JAVIER ACOSTA REYES 
IKRALG, S. DE R.L. DE C.V."
217,LICITACIÓN PÚBLICA,OBRA PÚBLICA,2016-2018,2018,C. LUIS TEHUITZIL HERNÁNDEZ,DIRECCIÓN GENERAL DE OBRAS PÚBLICAS,DIRECCIÓN GENERAL DE OBRAS PÚBLICAS,Construcción de 100 Cuartos con Baño en Zonas (ZAP),CUARTOS ROSAS / INDEPENDIENTES,10991010.73,FONDO PARA LA INFRAESTRUCTURA SOCIAL MUNICIPAL (FISM),43252,2018/08/29 00:00:00,43238,"LUIS TEHUITZIL HERNÁNDEZ
GRUPO HAGEO, S.A. DE C.V.
SOYO CONSTRUCCIONES, S.A. DE C.V.
CONSTRUCTORA DE OBRA Y URBANIZACIÓN, S.A. DE C.V.
MAQUINARIA Y MATERIALES DE LA FRONTERA, S.A. DE C.V.
CONSTRUCTORA ELÉCTRICA FER, S.A. DE C.V."
218,LICITACIÓN PÚBLICA,OBRA PÚBLICA,2016-2018,2018,C. LUIS TEHUITZIL HERNÁNDEZ,DIRECCIÓN GENERAL DE OBRAS PÚBLICAS,DIRECCIÓN GENERAL DE OBRAS PÚBLICAS,Construcción de 100 Cuartos con Baño en Zonas (ZAP),CUARTOS ROSAS / INDEPENDIENTES,10988846.45,FONDO PARA LA INFRAESTRUCTURA SOCIAL MUNICIPAL (FISM),43252,2018/08/29 00:00:00,43238,"LUIS TEHUITZIL HERNÁNDEZ
CONSTRUCTORA DE OBRA Y URBANIZACIÓN, S.A. DE C.V.
GRUPO HAGEO, S.A. DE C.V.
SOYO CONSTRUCCIONES, S.A. DE C.V.
IKRALG, S. DE R.L. DE C.V."
219,LICITACIÓN PÚBLICA,OBRA PÚBLICA,2016-2018,2018,"CONSTRUCTORA DE OBRA Y URBANIZACIÓN, S.A. DE C.V.",DIRECCIÓN GENERAL DE OBRAS PÚBLICAS,DIRECCIÓN GENERAL DE OBRAS PÚBLICAS,"Construcción de 102 Cuartos con Baño en Zonas (ZAP),",CUARTOS ROSAS / INDEPENDIENTES,11211805.61,FONDO PARA LA INFRAESTRUCTURA SOCIAL MUNICIPAL (FISM),43252,2018/08/29 00:00:00,43238,"CONSTRUCTORA DE OBRA Y URBANIZACIÓN, S.A. DE C.V.
ARTURO DÁVILA DOZAL
LUIS TEHUITZIL HERNÁNDEZ
SOYO CONSTRUCCIONES, S.A. DE C.V.
GRUPO HAGEO, S.A. DE C.V.
URBANIZACIONES Y CONSTRUCCIONES BCH, S.A. DE C.V."
220,LICITACIÓN PÚBLICA,OBRA PÚBLICA,2016-2018,2018,"GRUPO HAGEO, S.A. DE C.V.",DIRECCIÓN GENERAL DE OBRAS PÚBLICAS,DIRECCIÓN GENERAL DE OBRAS PÚBLICAS,Construcción de 102 Cuartos con Baño en Zonas (ZAP),CUARTOS ROSAS / INDEPENDIENTES,11212981.709999999,FONDO PARA LA INFRAESTRUCTURA SOCIAL MUNICIPAL (FISM),43252,2018/08/29 00:00:00,43238,"GRUPO HAGEO, S.A. DE C.V.
MANUEL DAVID RICO RASCÓN
LUIS TEHUITZIL HERNÁNDEZ
ABBUD Y ASOCIADOS CONSTRUCCIONES, S.A. DE C.V.
CONSTRUCTORA DE OBRA Y URBANIZACIÓN, S.A. DE C.V.
MANUEL ORTEGA RODRÍGUEZ"
232,LICITACIÓN PÚBLICA,OBRA PÚBLICA,2016-2018,2018,C. JESÚS SILVERIO CURIEL PORRAS,DIRECCIÓN GENERAL DE OBRAS PÚBLICAS,DIRECCIÓN GENERAL DE OBRAS PÚBLICAS,"Construcción de Techumbre Metalica en Escuela Preescolar Teresa de Calcuta de C. Batalla del Cerro del Grillo y C. Batalla de Albarrada,",CONSTRUCCIÓN (TECHUMBRE),1158638.1099999999,FONDO DE INFRAESTRUCTURA SOCIAL MUNICIPAL (FISM),43250,2018/08/27 00:00:00,43236,"JESÚS SILVERIO CURIEL PORRAS
JOSÉ SOCORRO FIERRO MELÉNDEZ
MBZ CONSTRUCTORA, S.A. DE C.V.
JOSÉ LUIS RODRÍGUEZ BAEZA
IKRALG, S. DE R.L. DE C.V.
PROYECTOS Y CONSTRUCCIONES VALAR, S.A. DE C.V.
CONSTRUCTORA ELÉCTRICA FER, S.A. DE C.V."
233,LICITACIÓN PÚBLICA,OBRA PÚBLICA,2016-2018,2018,C. JOSÉ SOCORRO FIERRO MELÉNDEZ,DIRECCIÓN GENERAL DE OBRAS PÚBLICAS,DIRECCIÓN GENERAL DE OBRAS PÚBLICAS,"Construcción de Techumbre Metalica en Escuela Preparatoria C.E.C.Y.T. 23  de C. Margarita Flores y C. Arturo Álvarez,",CONSTRUCCIÓN (TECHUMBRE),1174104.95,FONDO DE INFRAESTRUCTURA SOCIAL MUNICIPAL (FISM),43250,2018/08/27 00:00:00,43236,"JOSÉ SOCORRO FIERRO MELÉNDEZ
JESÚS SILVERIO CURIEL PORRAS
MBZ CONSTRUCTORA, S.A. DE C.V.
IKRALG, S. DE R.L. DE C.V.
PROYECTOS Y CONSTRUCCIONES VALAR, S.A. DE C.V.
PROYECTA DISEÑO Y CONSTRUCCIÓN, S.A. DE C.V."
246,LICITACIÓN PÚBLICA,OBRA PÚBLICA,2016-2018,2018,"MBZ CONSTRUCTORA, S.A. DE C.V.",DIRECCIÓN GENERAL DE OBRAS PÚBLICAS,DIRECCIÓN GENERAL DE OBRAS PÚBLICAS,"Construcción de Barda Perimetral en Escuela Primaria Federal Arnoldo Cabada de la O de C. Tierra Victoriosa y C. Refugio Herrera Hernández, en Col.Km. 29 del munciio de Juárez, Chihuahua",OBRAS COMPLEMENTARIAS,955749.67,FONDO DE INFRAESTRUCTURA SOCIAL MUNICIPAL (FISM),43250,2018/08/27 00:00:00,43236,"MBZ CONSTRUCTORA, S.A. DE C.V.
JOSÉ SOCORRO FIERRO MELÉNDEZ
GREGORIO ORDAZ MONREAL
CPA CONSTRUCCIONES, PROYECTOS Y ASESORÍAS, S.A. DE C.V.
JESÚS SILVERIO CURIEL PORRAS
JOSÉ LUIS RODRÍGUEZ BAEZA"
304,LICITACIÓN PÚBLICA,OBRA PÚBLICA,2016-2018,2018,"SOYO CONSTRUCCIONES, S.A. DE C.V.",DIRECCIÓN GENERAL DE OBRAS PÚBLICAS,DIRECCIÓN GENERAL DE OBRAS PÚBLICAS,"REHABILITACIÓN DE LOS SIGUIENTES PARQUES: 1) PARQUE CONSTITUCIÓN UBICADO EN CALLE PERIMETRLA CARLOS AMAYA, CALLE CARTAGENA Y CALLE PEDRO BARANDA EN COL. CONSTITUCIÓN ($2061950.68), 2) PARQUE TARENTO UBICADO EN CALLE TARENTO Y CALLE GOLFO PÉRSICO EN COL. CIUDAD MODERNA ($1923216.55)","CONSTRUCCIÓN, REHABILITACIÓN Y EQUIPAMIENTO A PARQUES",4622793.99,PROGRAMA DE INFRAESTRUCTURA VERTIENTE: ESPACIOS PÚBLICOS Y PARTICIPACIÓN COMUNITARIA,43276,2018/08/13 00:00:00,43262,"SOYO CONSTRUCCIONES, S.A. DE C.V.
CONSTRUCTORA DE OBRA Y URBANIZACIÓN, S.A. DE C.V.
URBANIZACIONES Y CONSTRUCCIONES BCH, S.A. DE C.V.
GRUPO HAGEO, S.A. DE C.V.
GRUPO KORAACHI, S.A. DE C.V.
JOSÉ ABRAHAM ROSAS PILLADO
INMUEBLES Y CONSTRUCCIONES MAYAB, S.A. DE C.V.
JESÚS SILVERIO CURIEL PORRAS
CONSTRUCCIONES E INGENIERÍA PASO DEL NORTE
CONSTRUCTORA ANGLO, S.A. DE C.V.
PROYECTOS Y CONSTRUCCIONES VALAR, S.A. DE C.V.
CONSTRUCTORA ELÉCTRICA FER, S.A. DE C.V."
305,LICITACIÓN PÚBLICA,OBRA PÚBLICA,2016-2018,2018,"GRUPO KORAACHI, S.A. DE C.V.",DIRECCIÓN GENERAL DE OBRAS PÚBLICAS,DIRECCIÓN GENERAL DE OBRAS PÚBLICAS,"REHABILITACIÓN DE LOS SIGUIENTES PARQUES: 1) PARQUE SATÉLITE UBICADO EN CALLE JÚPITER Y CALLE URANO EN COL. SATÉLITE ($2,063,766.96), 2) PARQUE RIVERAS DEL BRAVO UBICADO EN CALLE RIVERAS DE DELICIAS Y CALLE RIVERAS DEL TEPEYAC EN COL. RIVERAS DEL BRAVO ($1,151,026.81)","CONSTRUCCIÓN, REHABILITACIÓN Y EQUIPAMIENTO A PARQUES",3729160.77,PROGRAMA DE INFRAESTRUCTURA VERTIENTE: ESPACIOS PÚBLICOS Y PARTICIPACIÓN COMUNITARIA,43276,2018/08/13 00:00:00,43262,"GRUPO KORAACHI, S.A. DE C.V.
CONSTRUCTORA DE OBRA Y URBANIZACIÓN, S.A. DE C.V.
SOYO CONSTRUCCIONES, S.A. DE C.V.
GRUPO HAGEO, S.A. DE C.V.
INMUEBLES Y CONSTRUCCIONES MAYAB, S.A. DE C.V.
URBANIZACIONES Y CONSTRUCCIONES BCH, S.A. DE C.V.
COPSA SISTEMAS CONSTRUCTIVOS OBRAS Y PROYECTOS, S.A. DE C.V.
GRUPO ASESOR EN INNOVACIÓN TECNOLÓGICA Y EDUCATIVA, S. DE R. L. DE C.V.
CONSTRUCTORA ELÉCTRICA FER, S.A. DE C.V.
JESÚS SILVERIO CURIEL PORRAS
CONSTRUCTORA ANGLO, S.A. DE C.V.
CONSTRUCCIONES E INGENIERÍA PASO DEL NORTE
PROYECTOS Y CONSTRUCCIONES VALAR, S.A. DE C.V.
URBANIZADORA EBA, S.A. DE C.V. EN ASOCIACIÓN CON ROAS CONSTRUCCIONES, S.A. DE C.V."
321,LICITACIÓN PÚBLICA,ADQUISICIÓN,2016-2018,2017,C. JAVIER EDUARDO CAMACHO VILLAR,OFICIALÍA MAYOR,DIRECCIÓN DE RECURSOS MATERIALES,SERVICIO DE FOTOCOPIADO,DIGITALIZACIÓN DE DOCUMENTOS Y FOTOCOPIADO,2299003,GASTO CORRIENTE,42736,2017/12/31 00:00:00,42740,"1.-SEN INTEGRAL, S.A. DE C.V. 2.-UNICOPY CORPORACIÓN DE MÉXICO, S.A. DE C.V. 3.-JAVIER EDUARDO CAMACHO VILLAR"
334,LICITACIÓN PÚBLICA,ADQUISICIÓN,2016-2018,2018,"ARMOR LIFE LAB, S.A. DE C.V.",OFICIALÍA MAYOR,SECRETARÍA DE SEGURIDAD PÚBLICA,100 CASCOS BALÍSTICOS,EQUIPAMIENTO DE SEGURIDAD PÚBLICA / PERSONAL,861184,FORTASEG,43277,2018/08/31 00:00:00,43277,"ARMOR LIFE, S.A. DE C.V., GRUPO JOSAVER, S.A. DE C.V.,  GIRAMSA, S.A. DE C.V., PROVEEDORA BAJA DE EQUIPOS Y TEXTILES, S. DE R.L. DE C.V., POWER HIT, S.A. DE C.V., BLITZKRIEG, S.A. DE C.V., PROTECTIVE MATERIALS TECNOLOGY, S.A. DE C.V., RCU SISTEMAS, S.A. DE C.V., EMPRESARIAL DUAGLO, S.A. DE C.V."
335,LICITACIÓN PÚBLICA,ADQUISICIÓN,2016-2018,2018,"BAJA DE EQUIPOS Y TEXTILES, S. DE R.L. DE C.V.",OFICIALÍA MAYOR,SECRETARÍA DE SEGURIDAD PÚBLICA,"2434 CHAMARRAS, 2434 PARES DE BOTAS PARA POLICÍAS, 4868 CAMISAS Y 4868 PANTALONES",EQUIPAMIENTO DE SEGURIDAD PÚBLICA / PERSONAL,17544856.16,FORTASEG,43277,2018/08/31 00:00:00,43277,"ARMOR LIFE, S.A. DE C.V., GRUPO JOSAVER, S.A. DE C.V.,  GIRAMSA, S.A. DE C.V., PROVEEDORA BAJA DE EQUIPOS Y TEXTILES, S. DE R.L. DE C.V., POWER HIT, S.A. DE C.V., BLITZKRIEG, S.A. DE C.V., PROTECTIVE MATERIALS TECNOLOGY, S.A. DE C.V., RCU SISTEMAS, S.A. DE C.V., EMPRESARIAL DUAGLO, S.A. DE C.V."
342,INVITACIÓN A TRES,OBRA PÚBLICA,2016-2018,2018,"CONSTRUCTORA ANGLO, S.A. DE C.V.",DIRECCIÓN GENERAL DE OBRAS PÚBLICAS,DIRECCIÓN GENERAL DE OBRAS PÚBLICAS,SUMINISTRO Y COLOCACIÓN DE BOTONES DE PÁNICO,OBRAS COMPLEMENTARIAS,2974259.65,FONDO DE INVERSIÓN MUNICIPAL (IMD),43222,2018/06/30 00:00:00,43207,"CONSTRUCTORA ANGLO, S.A. DE C.V.
JOSÉ LUIS RODRÍGUEZ BAEZA
PROYECTOS Y CONSTRUCCIONES VALAR, S.A. DE C.V."
346,LICITACIÓN PÚBLICA,ADQUISICIÓN,2016-2018,2017,"GRÚAS Y SERVICIOS DEL NORTE, S.A. DE C.V.",OFICIALÍA MAYOR,SECRETARÍA DE SEGURIDAD PÚBLICA y DIRECCIÓN DE TRÁNSITO MUNICIPAL,PRESTACIÓN DE SERVICIOS DE REMOLQUE DE VEHÍCULOS (GRÚAS),GRÚAS Y MANIOBRAS DE CARGA,8996000,GASTO CORRIENTE,42736,2017/12/31 00:00:00,42744,"1.-GRÚAS SERVICIOS DEL NORTE, S.A. DE C.V. 2.-SERVICOS DE LOGÍSTICA SAN MARCOS, S.A. DE C.V."
359,INVITACIÓN A TRES,OBRA PÚBLICA,2016-2018,2018,"SERVICIOS DE INGENIERÍA ELÉCTRICA Y CONSTRUCCIÓN, S.A. DE C.V.",DIRECCIÓN GENERAL DE OBRAS PÚBLICAS,DIRECCIÓN GENERAL DE OBRAS PÚBLICAS,"REEMPLAZO DE TABLERO ELÉCTRICOS Y MANTENIMIENTO A GENERADOR DE EMERGENCIA. TODO LO ANTES MENCIONADO ES PARA LA RENOVACIÓN DE EQUIPO ELÉCTRICO Y MANTENIMIENTO DE GENERADOR DE EMERGENCIA EN LA UABJ, EN C. FRANCISCO VILLA NO. 950 NORTE, ZONA CENTRO",REMODELACIONES,3530954.38,FONDO DE INVERSIÓN MUNICIPAL (IMD),43276,2018/08/03 00:00:00,43262,"SERVICIOS DE INGENIERÍA ELÉCTRICA Y CONSTRUCCIÓN, S.A. DE C.V.
MBZ CONSTRUCTORA, S.A. DE C.V.
FRANCISCO JAVIER ACOSTA REYES"
360,INVITACIÓN A TRES,OBRA PÚBLICA,2016-2018,2018,"SERVICIOS DE INGENIERÍA ELÉCTRICA Y CONSTRUCCIÓN, S.A. DE C.V.",DIRECCIÓN GENERAL DE OBRAS PÚBLICAS,DIRECCIÓN GENERAL DE OBRAS PÚBLICAS,"LIMPIEZA Y TRABAJOS A CISTERNA, SISTEMA HIDRONEUMÁTICO, MALLA ANTIPALOMAS, COLOCACIÓN DE TIRAS DE PÚAS ANTI PLOMAS, REEMPLAZO DE TRANSFORMADORES SECOS, TODOLO LO ANTES MENCIONADO ES PARA LA SUSTITUCIÓN DE SISTEMA HIDRONEUMÁTICO, MANTENIMIENTO DE CISTERNA, MALLA DE PROTECCIÓN DE AVES Y TRANSFORMADORES SECOS EN LA UABJ, EN C. FRANCISCO VILLA NO. 950 NORTE, ZONA CENTRO",OBRAS COMPLEMENTARIAS,1676199.47,FONDO DE INVERSIÓN MUNICIPAL (IMD),43276,2018/08/03 00:00:00,43262,"SERVICIOS DE INGENIERÍA ELÉCTRICA Y CONSTRUCCIÓN, S.A. DE C.V.
MBZ CONSTRUCTORA, S.A. DE C.V.
FRANCISCO JAVIER ACOSTA REYES"
372,ADJUDICACIÓN DIRECTA,ADQUISICIÓN,2016-2018,2018,C. HIRAM IGNACIO CASTRO MEANA,OFICIALÍA MAYOR,DIRECCIÓN DE MANTENIMIENTO MECÁNICO,"ADQUISICIÓN DE LLANTAS, REFACCIONES, MANTENIMIENTO CORRECTIVO PARA VEHÍCULOS DE MOTOR A DIESEL DEL MUNICIPIO",MANTENIMIENTO VEHICULAR,500000,GASTO CORRIENTE,43364,2018/10/31 00:00:00,43364,"MEMSHOP, S. DE R.L. DE C.V., COMPAÑÍA CO, S.A. DE C.V., GRUPO ICUR, S.A. DE C.V., MOTOCICLETAS Y CUATRIMOTOS DEL NORTE, S.A. DE C.V., CARLOS EMANUEL NAVARRO VALENCIA, FRENOS Y REFACCIONES DE JUÁREZ, S.A. DE C.V., MOTORPRO, S.A. DE C.V., HIRAM IGNACIO CASTRO MEANA, OMAR CORONADO FLORES"
373,ADJUDICACIÓN DIRECTA,ADQUISICIÓN,2016-2018,2018,"MOTORPRO, S.A. DE C.V.",OFICIALÍA MAYOR,DIRECCIÓN DE MANTENIMIENTO MECÁNICO,"ADQUISICIÓN DE REFACCIONES, LUBRICANTES PARA VEHÍCULOS DE MOTOR A GASOLINA DEL MUNICIPIO",MANTENIMIENTO VEHICULAR,500000,GASTO CORRIENTE,43364,2018/10/31 00:00:00,43364,"MEMSHOP, S. DE R.L. DE C.V., COMPAÑÍA CO, S.A. DE C.V., GRUPO ICUR, S.A. DE C.V., MOTOCICLETAS Y CUATRIMOTOS DEL NORTE, S.A. DE C.V., CARLOS EMANUEL NAVARRO VALENCIA, FRENOS Y REFACCIONES DE JUÁREZ, S.A. DE C.V., MOTORPRO, S.A. DE C.V., HIRAM IGNACIO CASTRO MEANA, OMAR CORONADO FLORES"
374,LICITACIÓN PÚBLICA,ADQUISICIÓN,2016-2018,2018,"MOTORPRO, S.A. DE C.V.",OFICIALÍA MAYOR,DIRECCIÓN DE MANTENIMIENTO MECÁNICO,"ADQUISICIÓN DE REFACCIONES, LUBRICANTES Y MANTENIMIENTO CORRECTIVO PARA VEHÍCULOS Y MOTOCICLETAS DEL MUNICIPIO",MANTENIMIENTO VEHICULAR,8666666.66,GASTO CORRIENTE,43101,2018/09/09 00:00:00,43104,"MEMSHOP, S. DE R.L. DE C.V., COMPAÑÍA CO, S.A. DE C.V., GRUPO ICUR, S.A. DE C.V., MOTOCICLETAS Y CUATRIMOTOS DEL NORTE, S.A. DE C.V., CARLOS EMANUEL NAVARRO VALENCIA, FRENOS Y REFACCIONES DE JUÁREZ, S.A. DE C.V., MOTORPRO, S.A. DE C.V., HIRAM IGNACIO CASTRO MEANA, OMAR CORONADO FLORES"
375,LICITACIÓN PÚBLICA,ADQUISICIÓN,2016-2018,2018,"COMPAÑÍA CO, S.A. DE C.V.",OFICIALÍA MAYOR,DIRECCIÓN DE MANTENIMIENTO MECÁNICO,SERVICIOS DE MANTENIMIENTO CORRECTIVO PARA VEHÍCULOS DEL MUNICIPIO,MANTENIMIENTO VEHICULAR,9014084.49,GASTO CORRIENTE,43101,2018/09/09 00:00:00,43129,"MEMSHOP, S. DE R.L. DE C.V., HIRAM IGNACIO CASTRO MEANA, GRUPO ICUR, S. DE R.L. DE C.V., JOSÉ ANTONIO ITUARTE SALCIDO, COMPAÑÍA CO, S.A. DE C.V., EMMANUEL NAVARRO VALENCIA, PROVEEDORA INDUSTRIAL Y AUTOMOTRIZ, S.A. DE C.V."
376,LICITACIÓN PÚBLICA,ADQUISICIÓN,2016-2018,2017,"FRENOS Y REFACCIONES DE JUÁREZ, S.A. DE C.V.",OFICIALÍA MAYOR,DIRECCIÓN DE RECURSOS MATERIALES,ADQUISICIÓN DE HERRAMIENTAS Y EQUPO PARA TALLER,MANTENIMIENTO VEHICULAR,744696.8,GASTO CORRIENTE/MATERIALES Y SUMINISTRO,42878,2017/07/31 00:00:00,42878,"1.-MOTOR PRO, S.A DE C.V. 2.-HIRAM IGNACIO CASTRO MEANA 3.-FRENOS Y REFACCIONES, S.A. DE CV, 4.-GRUP ICUR S. DE RL DE C.V.5.- MEM SHOP, S. DE R.L. DE C.V. 6.-JOSE ANTONIO ITUARTE SALCIDO"
377,LICITACIÓN PÚBLICA,ADQUISICIÓN,2016-2018,2017,"MOTORPRO, S.A. DE C.V.",OFICIALÍA MAYOR,DIRECCIÓN DE RECURSOS MATERIALES,"ADQUISICIÓN DE REFACCIONES, PARA VEHÍCULOS GASOLINA Y LUBRICANTES",MANTENIMIENTO VEHICULAR,5084202.54,GASTO CORRIENTE/MATERIALES Y SUMINISTRO,42878,2017/12/31 00:00:00,42878,"1.-MOTOR PRO, S.A DE C.V. 2.-HIRAM IGNACIO CASTRO MEANA 3.-FRENOS Y REFACCIONES, S.A. DE CV, 4.-GRUP ICUR S. DE RL DE C.V.5.- MEM SHOP, S. DE R.L. DE C.V. JOSE ANTONIO ITUARTE SALCIDO"
378,LICITACIÓN PÚBLICA,ADQUISICIÓN,2016-2018,2017,C. HIRAM IGNACIO CASTRO MEANA,OFICIALÍA MAYOR,DIRECCIÓN DE RECURSOS MATERIALES,ADQUISICION DE REFACCIONES DIESEL Y NEUMATICOS,MANTENIMIENTO VEHICULAR,6500000,GASTO CORRIENTE/MATERIALES Y SUMINISTRO,42878,2017/12/31 00:00:00,42878,"1.-MOTOR PRO, S.A DE C.V. 2.-HIRAM IGNACIO CASTRO MEANA 3.-FRENOS Y REFACCIONES, S.A. DE CV, 4.-GRUP ICUR S. DE RL DE C.V.5.- MEM SHOP, S. DE R.L. DE C.V. JOSE ANTONIO ITUARTE SALCIDO"
379,LICITACIÓN PÚBLICA,ADQUISICIÓN,2016-2018,2017,"MOTOCICLETAS Y CUATRIMOTOS DEL NORTE, S.A. DE C.V.",OFICIALÍA MAYOR,DIRECCIÓN DE RECURSOS MATERIALES,"MATNENIMIENTO PREVENTIVO, CORRECTIVO Y ADQUISICIÓN DE REFACCIONES, LUBRICANTES Y ACCESORIOS PARA MOTOCICLETAS",MANTENIMIENTO VEHICULAR,612395.7,GASTO CORRIENTE/MATERIALES Y SUMINISTRO,42881,2017/12/31 00:00:00,42881,"1.-HIRAM IGNACIO CASTRO MEANA. 2.-MOTOCICLETAS Y CUATRIMOTOS DEL NORTE, S.A. DE C.V. 3.-CARLOS EMMANUEL NAVARRO VALENCIA. 4.-MOTO MUNDO DE JUÁREZ, S.A. DE C.V. 5.-GRUPO ICUR, S. DE R.L. DE C.V. 6.-MEMPSHOP, S. DE R.L. DE C.V. 7.-JOSÉ ANTONIO ITUARTE SALCIDO. 8.-MOTORPRO, S.A. DE C.V. 9.-COMPAÑIA CO, S.A. DE C.V."
398,LICITACIÓN PÚBLICA,OBRA PÚBLICA,2016-2018,2018,"LLAEE URBANIZACIÓN Y CONSTRUCCIÓN, S.A. DE C.V.",DIRECCIÓN GENERAL DE OBRAS PÚBLICAS,DIRECCIÓN GENERAL DE OBRAS PÚBLICAS,"TRABAJOS DE CONSTRUCCIÓN DE CRUCERO EN AV. DIVISIÓN DEL NORTE Y CALLE ISLA CALEDONIA, EN COL. LIMA LINDA - EMILIANO ZAPATA",PAVIMENTACIÓN,1842627.78,FONDO DE INVERSIÓN MUNICIPAL (IMD),43235,2018/08/12 00:00:00,43220,"LLAEE URBANIZACIÓN Y CONSTRUCCIÓN, S.A. DE C.V.
URBANIZACIONES Y CONSTRUCCIONES BCH, S.A. DE C.V.
SOYO CONSTRUCCIONES, S.A. DE C.V.
TRABCOM CONSTRUCTORA, S.A. DE C.V.
ARQUITECTURA E INGENIERÍA S Y CH, S.A. DE C.V.
CONSTRUCTORA ANGLO, S.A. DE C.V.
COMPAÑÍA CONSTRUCTORA FRONTERIZA, S.A. DE C.V.
ARTURO DÁVILA DOZAL"
399,LICITACIÓN PÚBLICA,OBRA PÚBLICA,2016-2018,2018,C. MANUEL DAVID RICO RASCÓN,DIRECCIÓN GENERAL DE OBRAS PÚBLICAS,DIRECCIÓN GENERAL DE OBRAS PÚBLICAS,RECONSTRUCCIÓN DE CRUCERO EN BLVD. BERNARDO NORZAGARAY Y CALLE AMAPOLAS - VIADUCTO GUSTAVO DÍAZ ORDAZ EN COL. ZACATECAS / BELLA VIASTA,PAVIMENTACIÓN,2304931.45,FONDO DE INVERSIÓN MUNICIPAL (IMD),43235,2018/08/12 00:00:00,43220,"MANUEL DAVID RICO RASCÓN
TRABCOM CONSTRUCTORA, S.A. DE C.V.
SOYO CONSTRUCCIONES, S.A. DE C.V.
MANIOBRAS CONSTRUCTIVAS DE JUÁREZ, S.A. DE C.V.
URBANIZACIONES Y CONSTRUCCIONES BCH, S.A. DE C.V.
CONSTRUCTORA ANGLO, S.A. DE C.V.
COMPAÑÍA CONSTRUCTORA FRONTERIZA, S.A. DE C.V.
ARTURO DÁVILA DOZAL"
401,LICITACIÓN PÚBLICA,ADQUISICIÓN,2016-2018,2017,C. FRANCISCO JAVIER ACOSTA REYES,OFICIALÍA MAYOR,DIRECCIÓN GENERAL DE OBRAS PÚBLICAS,"ADQUISICIÓN DE 3,600 TONELADAS DE MEZCLA ASFÁLTICA ELABORADO EN FRÍO",VIALIDADES: PAVIMENTACIÓN / BACHEO / BANQUETAS,3122102.88,FORTAMUN,43100,2017/04/30 00:00:00,42741,"1.-TRITURADOS ASFÁLTICOS DEL VALLE, S.A. DE C.V. 2.-CAMINOS Y DESARROLLOS URBANOS, S.A.D E C.V. 3.-GEXIQ, S.A. DE C.V. 4.-FRANCISCO JAVIER ACOSTA REYES 5.-SELLOS Y PAVIMENTOS SEAL MASTER, S.A DE C.V."
405,LICITACIÓN PÚBLICA,OBRA PÚBLICA,2016-2018,2018,"C. FRANCISCO JAVIER ACOSTA REYES EN ASOCIACIÓN CON MBZ CONSTRUCTORA, S.A. DE C.V.",DIRECCIÓN GENERAL DE OBRAS PÚBLICAS,DIRECCIÓN GENERAL DE OBRAS PÚBLICAS,"SUMINISTRO Y COLOCACIÓN DE MEZCLA ASFÁLTICA PARA BACHEO EN VIALIDADES PRIMARIAS, SECUNDARIAS Y TERCEARIAS EN CIUDADA JUÁREZ, CHIHUAHUA",BACHEO,22703398.2,FONDO DE INVERSIÓN MUNICIPAL (IMD),43173,2018/06/11 00:00:00,43160,"FRANCISCO JAVIER ACOSTA REYES EN ASOCIACIÓN CON  MBZ CONSTRUCTORA, S.A. DE C.V.	
URBANISSA, S.A. DE C.V.	
CAMINOS Y DESARROLLOS URBANOS, S.A. DE C.V.
CONSTRUCCIONES NIRVANA, S.A. DE C.V.	
URBANIZACIONES Y CONSTRUCCIONES BCH, S.A. DE C.V."
407,LICITACIÓN PÚBLICA,OBRA PÚBLICA,2016-2018,2018,"CONSTRUCTORA Y PROVEEDORA FUENTES, S.A. DE C.V.",DIRECCIÓN GENERAL DE OBRAS PÚBLICAS,DIRECCIÓN GENERAL DE OBRAS PÚBLICAS,"PAVIMENTACIÓN A BASE DE CONCRETO HIDRÁULICO DE LA CALLE JIMÉNEZ TRAMO: CALLE BOQUILLA A BLVD. OSCAR FLORES EN LA COL. NUEVO HIPÓDROMO, DE CIUDAD JUÁREZ, CHIHUAHUA.",PAVIMENTACIÓN,7273502.83,FONDO DE INVERSIÓN MUNICIPAL (IMD),43185,2018/07/23 00:00:00,43173,"CONSTRUCTORA Y PROVEEDORA FUENTES, S.A. DE C.V.
COMPAÑÍA CONSTRUCTORA FRONTERIZA, S.A. DE C.V.
CONSTRUCTORA DE OBRA Y URBANIZACIÓN, S.A. DE C.V.
CONSTRUCTORA ANGLO, S.A. DE C.V.
MANIOBRAS CONSTRUCTIVAS DE JUÁREZ, S.A. DE C.V.
MANUEL DAVID RICO RASCÓN
ARQUITECTURA E INGENIERÍA, S Y CH, S.A. DE C.V.
ABBUD Y ASOCIADOS CONSTRUCCIONES, S.A. DE C.V.
URBANIZACIONES Y CONSTRUCCIONES BCH, S.A. DE C.V.
RT DE JUÁREZ, S. DE R.L. M.I.	
URBANISSA, S.A. DE C.V."
409,LICITACIÓN PÚBLICA,OBRA PÚBLICA,2016-2018,2018,"ABBUD Y ASOCIADOS CONSTRUCCIONES, S.A. DE C.V.",DIRECCIÓN GENERAL DE OBRAS PÚBLICAS,DIRECCIÓN GENERAL DE OBRAS PÚBLICAS,"TRABAJOS DE RECONSTRUCCIÓN DE PAVIMENTO EN LA AVE. MANUEL TALAMÁS CAMANDARI-CALLE MESA CENTRAL, EN CIUDAD JUÁREZ, CHIHUAHUA.",REHABILITACIÓN DE PAVIMENTO,7434611.77,FONDO DE INVERSIÓN MUNICIPAL (IMD),43213,2018/08/20 00:00:00,43199,"PRIMERA LICITACIÓN (DESIERTA): MANUEL DAVID RICO RASCÓN, MANIOBRAS CONSTRUCTIVAS DE JUÁREZ, S.A. DE C.V., COMPAÑÍA CONSTRUCTORA FRONTERIZA, S.A. DE C.V., ARQUITECTURA E INGENIERÍA, S Y CH, S.A. DE C.V., PROYECTOS Y CONSTRUCCIONES VALAR, S.A. DE C.V., CONSTRUCTORA ANGLO, S.A. DE C.V., CONSTRUCTORA PROVEEDORA FUENTES, S.A. DE C.V, ADDUB Y ASOCIACIADOS CONSTRUCCIONES, A.A. DE C.V., URBANIZACIONES Y CONSTRUCCIONES BCH, S.A. DE C.V., URBANISSA, S.A. DE C.V.; SEGUNDA LICITACIÓN: ABBUD Y ASOCIADOS CONSTRUCCIONES, S.A. DE C.V.
CONSTRUCTORA Y PROVEEDORA FUENTES, S.A. DE C.V.
MANIOBRAS CONSTRUCTIVAS DE JUÁREZ, S.A. DE C.V.
TEPORACA CONSTRUCTORA, S.A. DE C.V.
PROYECTOS Y CONSTRUCCIONES VALAR, S.A. DE C.V.
ARQUITECTURA E INGENIERÍA, S Y CH, S.A. DE C.V.
CAMINOS Y DESARROLLOS URBANOS, S.A. DE C.V.
URBANIZACIONES Y CONSTRUCCIONES BCH, S.A. DE C.V.
RT DE JUÁREZ, S. DE R.L. M.I."
410,LICITACIÓN PÚBLICA,OBRA PÚBLICA,2016-2018,2018,"CAMINOS Y DESARROLLOS URBANOS, S.A. DE C.V.",DIRECCIÓN GENERAL DE OBRAS PÚBLICAS,DIRECCIÓN GENERAL DE OBRAS PÚBLICAS,"TRABAJOS DE REHABILITACIÓN MEDIANTE FRESADO Y CARPETA DE CONCRETO ASLFÁLTICO DE 5.0 CM DE ESPESOR, (225,225.00 M2) EN LAS SIGUIENTES VIALIDADES: 1.- CALLE MISIÓN DIEGO DE ALCALÁ TRAMO: AV. EJÉRCITO NACIONAL A CAMINO VIEJO A SAN JOSÉ, 2.- AV. TECNOLÓGICO TRAMO: CALLE DE LA LABRANZA A BLVD. MANUEL GÓMEZ MORÍN. 3.- CARRETERA PANAMERICANA TRAMO: AV. AERONÁUTICA A GLORIETA DEL KM 20. 4.- AV. ADOLGO LÓPEZ MATEOS TRAMO: AV. HERÓICO COLEGIO MILITAR A AV. PASEO TRINFO DE LA REPÚBLICA. 5.- AV. RAFAEL PÉREZ SERNA TRAMO: BLVD. JUAN PABLO II (BLVD. IV SIGLOS PASEO DEL NORTE) A AV. PASEO TRIUNFO DE LA REPÚBLICA. 6.- CALLE DEL MANANTIAL TRAMO: AV. PEDRO ROSALES DE LEÓN A BLVD. MANUEL GÓMEZ MORÍN. 7.- AV. DE LAS FUENTES TRAMO: CALLE MANANTIAL A BLVD. MANUEL GÓMEZ MORÍN. 8.- AV. VICENTE GUERRERO AV. DEL CHARRO TRAMO: AV. PLUTARCO ELÍAS CALLESA AV.  TECNOLÓGICO Y DE LA CALLE DIEGO RIVERA A AV. INSURGENTES. 9.- AV. VICENTE GUERRERO TRAMO: AV. TECNOLÓGICO A CALLE JUAN HERRERA, TODAS EN CIUDAD JUÁREZ, CHIHUAHUA.",REHABILITACIÓN DE PAVIMENTO,49542765.08,FONDO DE INVERSIÓN MUNICIPAL (IMD),43192,2018/09/28 00:00:00,43182,"CAMINOS Y DESARROLLOS URBANOS, S.A. DE C.V.
MERP EDIFICACIONES Y TERRACERÍAS, S.A. DE C.V.
CONSTRUCTORA RASCÓN S.A. DE C.V.
URBANISSA, S.A. DE C.V.	
CONSTRUCTORA NIRVANA S.A. DE C.V. EN ASOCIACIÓN CON GAMEROS Y LUEVANO CONSTRUCCIONES, S.A. DE C.V."
413,LICITACIÓN PÚBLICA,OBRA PÚBLICA,2016-2018,2018,"CONSULTORES DE CONTROL Y SUPERVISIÓN, S.C.",DIRECCIÓN GENERAL DE OBRAS PÚBLICAS,DIRECCIÓN GENERAL DE OBRAS PÚBLICAS,"ELABORACIÓN DE ESTUDIOS DE MECÁNICA DE SUELOS EN DIVERSAS VIALIDADES UBICADO EN CIUDAD JUÁREZ, CHIHUAHUA",PAVIMENTACIÓN,2233926.17,FONDO DE INVERSIÓN MUNICIPAL (IMD),43213,2018/06/21 00:00:00,43199,"CONSULTORES DE CONTROL Y SUPERVISIÓN, S.C.
FERNANDO ARAGÓN GONZÁLEZ
LABORATORIOS DE ESTUDIOS INTEGRALES DE CIUDAD JUÁREZ, S.C."
416,LICITACIÓN PÚBLICA,OBRA PÚBLICA,2016-2018,2018,"TRITURADOS ASFÁLTICOS DEL VALLE DE JUÁREZ, S.A. DE C.V.",DIRECCIÓN GENERAL DE OBRAS PÚBLICAS,DIRECCIÓN GENERAL DE OBRAS PÚBLICAS,"TRABAJOS CONSISTENTES EN LA ELABORACIÓN Y SUMINISTRO LIBRE A BORDO PLANTA DE MEZCLA ASFÁLTICA PARA BACHEO, EN COUDAD JUÁREZ CHIHUAHUA",BACHEO,4021488,FONDO DE INVERSIÓN MUNICIPAL (IMD),43213,2018/06/21 00:00:00,43199,"TRITURADOS ASFÁLTICOS DEL VALLE DE JUÁREZ, S.A. DE C.V.
CONSTRUCCIONES NIRVANA, S.A. DE C.V.
CAMINOS Y DESARROLLOS URBANOS, S.A. DE C.V.
FRANCISCO JAVIER ACOSTA REYES
TRABCOM CONSTRUCTORA, S.A. DE C.V."
419,LICITACIÓN PÚBLICA,OBRA PÚBLICA,2016-2018,2018,"ARQUITECTURA E INGENIERÍA S Y CH, S.A. DE C.V.",DIRECCIÓN GENERAL DE OBRAS PÚBLICAS,DIRECCIÓN GENERAL DE OBRAS PÚBLICAS,"PAVIMENTACIÓN A BASE DE CONCRETO HIDRÁULICO DE LA CALLE ARROYO DEL MIMBRE TRAMO: BLVD. BERNARDO NORZAGARAY A CALLE NADADORES, EN COL. FELIPE ÁNGELES DE CIUDAD JUÁREZ, CHIHUAHUA",PAVIMENTACIÓN,3152595.6,FONDO DE INVERSIÓN MUNICIPAL (IMD),43213,2018/08/20 00:00:00,43199,"ARQUITECTURA E INGENIERÍA, S Y CH, S.A. DE C.V.
LLAEE URBANIZACIONES Y CONSTRUCCIONES, S.A. DE C.V. EN ASOCIACIÓN CON CPA CONSTRUCCIONES Y PROYECTOS, S.A. DE C.V.
URBANIZACIONES Y CONSTRUCCIONES BCH, S.A. DE C.V.
MANIOBRAS CONSTRUCTIVAS DE JUÁREZ, S.A. DE C.V.
CONSTRUCTORA ANGLO, S.A. DE C.V.
ABBUD Y ASOCIADOS CONSTRUCCIONES, S.A. DE C.V.
TRABCOM CONSTRUCTORA, S.A. DE C.V.
RT DE JUÁREZ, S. DE R.L. M.I.
TEPORACA CONSTRUCTORA, S.A. DE C.V.
SOYO CONSTRUCCIONES, S.A. DE C.V.
CAMINOS Y DESARROLLOS URBANOS, S.A. DE C.V."
422,LICITACIÓN PÚBLICA,OBRA PÚBLICA,2016-2018,2018,"SOYO CONSTRUCCIONES, S.A. DE C.V.",DIRECCIÓN GENERAL DE OBRAS PÚBLICAS,DIRECCIÓN GENERAL DE OBRAS PÚBLICAS,"PAVIMENTACIÓN Y REHABILITACIÓN DE LA CALLE MAR DE SUR TRAMO: AV. MANUEL TALAMÁS CAMANDARI A CALLE PASEO DEL SUR, EN COL. PARAJES DEL SUR ETAPA XIV",PAVIMENTACIÓN,2202628.54,FONDO DE INVERSIÓN MUNICIPAL (IMD),43222,2018/07/30 00:00:00,43207,"SOYO CONSTRUCCIONES, S.A. DE C.V.
CONSTRUCCIONES Y URBANIZACIONES MAD, S. DE R.L. DE C.V.
URBANIZACIONES Y CONSTRUCCIONES BCH, S.A. DE C.V.
TRABCOM CONSTRUCTORA, S.A. DE C.V.
COMPAÑÍA CONSTRUCTORA FRONTERIZA, S.A. DE C.V.
MANIOBRAS CONSTRUCTIVAS DE JUÁREZ, S.A. DE C.V.
RT DE JUÁREZ, S. DE R.L. M.I.
ABBUD Y ASOCIADOS CONSTRUCCIONES, S.A. DE C.V.
CONSTRUCTORA ANGLO, S.A. DE C.V.
LLAEE URBANIZACIÓN Y CONSTRUCCIÓN, S.A. DE C.V.
ARQUITECTURA E INGENIERÍA S Y CH, S.A. DE C.V."
424,LICITACIÓN PÚBLICA,OBRA PÚBLICA,2016-2018,2018,"TRABCOM CONSTRUCTORA, S.A DE C.V.",DIRECCIÓN GENERAL DE OBRAS PÚBLICAS,DIRECCIÓN GENERAL DE OBRAS PÚBLICAS,PAVIMENTACIÓN Y REHABILITACIÓN DE LA CALLE MUTUALISMO TRAMO: CALLE MARCOS M. FLORES A CALLE 40 EJIDATARIOS DE LA CALLE MUTUALISMO,PAVIMENTACIÓN,3387515.43,FONDO DE INVERSIÓN MUNICIPAL (IMD),43222,2018/07/30 00:00:00,43207,"TRABCOM CONSTRUCTORA, S.A. DE C.V.
COMPAÑÍA CONSTRUCTORA FRONTERIZA, S.A. DE C.V.
CONSTRUCCIONES Y URBANIZACIONES MAD, S. DE R.L. DE C.V.
MANIOBRAS CONSTRUCTIVAS DE JUÁREZ, S.A. DE C.V.
SOYO CONSTRUCCIONES, S.A. DE C.V.
URBANIZACIONES Y CONSTRUCCIONES BCH, S.A. DE C.V.
MANUEL DAVID RICO RASCÓN
RT DE JUÁREZ, S. DE R.L. M.I.
CONSTRUCTORA ANGLO, S.A. DE C.V.
COPSA SISTEMAS CONSTRUCTIVOS OBRAS Y PROYECTOS, S.A. DE C.V.
ARQUITECTURA E INGENIERÍA S Y CH, S.A. DE C.V."
426,LICITACIÓN PÚBLICA,OBRA PÚBLICA,2016-2018,2018,"CONSTRUCTORA ANGLO, S.A. DE C.V.",DIRECCIÓN GENERAL DE OBRAS PÚBLICAS,DIRECCIÓN GENERAL DE OBRAS PÚBLICAS,Reconstrucción de Crucero en Blvd. Municipio Libre y Calle Belisario Domínguez en Col. Leyes de Reforma - Corregidora - Galeana - Anahuac,PAVIMENTACIÓN,1972903.25,FONDO DE INVERSIÓN MUNICIPAL (IMD),43252,2018/08/28 00:00:00,43245,"PRIMERA LICITACIÓN (DESIERTA): URBANIZACIONES Y CONSTRUCCIONES BCH, S.A. DE C.V., SOYO CONSTRUCCIONES, S.A. DE C.V., CONSTRUCTORA ANGLO, S.A. DE C.V., COMPAÑÍA CONSTRUCTORA FRONTERIZA, S.A. DE C.V., ARTURO DÁVILA DOZAL; SEGUNDA LICITACIÓN:CONSTRUCTORA ANGLO, S.A. DE C.V.
SOYO CONSTRUCCIONES, S.A. DE C.V.
TRABCOM CONSTRUCTORA, S.A. DE C.V."
440,LICITACIÓN PÚBLICA,OBRA PÚBLICA,2016-2018,2018,"PROYECTOS Y CONSTRUCCIONES VALAR, S.A. DE C.V.",DIRECCIÓN GENERAL DE OBRAS PÚBLICAS,DIRECCIÓN GENERAL DE OBRAS PÚBLICAS,"Pavimentación a Base de Concreto Hidráulico en C. Villa Ocampo tramo de C. David Zaiza a C. Nadadores, en Col. Ladrillera Juárez",PAVIMENTACIÓN,2430766.8000000003,FONDO DE INFRAESTRUCTURA SOCIAL MUNICIPAL (FISM),43252,2018/08/29 00:00:00,43238,"PROYECTOS Y CONSTRUCCIONES VALAR, S.A. DE C.V.
COMPAÑÍA CONSTRUCTORA FRONTERIZA, S.A. DE C.V.
TRABCOM CONSTRUCTORA, S.A. DE C.V.
URBANIZADORA GRICARSA, S.A. DE C.V.
VELO URBANIZADORA, S.A. DE C.V.
URBANIZACIONES Y CONSTRUCCIONES BCH, S.A. DE C.V.
RT DE JUÁREZ, S. DE R.L. M.I.
CONSTRUCTORA ANGLO, S.A. DE C.V.
CAMINOS Y DESARROLLOS URBANOS, S.A. DE C.V.
LLAEE URBANIZACIÓN Y CONSTRUCCIÓN, S.A. DE C.V"
443,LICITACIÓN PÚBLICA,OBRA PÚBLICA,2016-2018,2018,"TRABCOM CONSTRUCTORA, S.A DE C.V.",DIRECCIÓN GENERAL DE OBRAS PÚBLICAS,DIRECCIÓN GENERAL DE OBRAS PÚBLICAS,"Pavimentación a Base de Concreto Hidráulico en C. Marcelo Caraveo tramo de C. Pera a C. Santa Rita, en Col. San Felipe del Real",PAVIMENTACIÓN,4124212.11,FONDO DE INFRAESTRUCTURA SOCIAL MUNICIPAL (FISM),43252,2018/08/29 00:00:00,43238,"TRABCOM CONSTRUCTORA, S.A DE C.V.
URBANIZADORA GRICARSA, S.A. DE C.V.
URBANIZACIONES Y CONSTRUCCIONES BCH, S.A. DE C.V.
JOSÉ LUIS RODRÍGUEZ BAEZA
CONSTRUCCIONES Y URBANIZACIONES MAD, S. DE R.L. DE C.V.
INGENIERÍA EN MANUFACTURAS Y SERVICIOS, S.A. DE C.V.
CONSTRUCTORA ANGLO, S.A. DE C.V.
PROYECTOS Y CONSTRUCCIONES VALAR, S.A. DE C.V.
COMPAÑÍA CONSTRUCTORA FRONTERIZA, S.A. DE C.V.
RT DE JUÁREZ, S. DE R.L. M.I.
GRUPO ASESOR EN INNOVACIÓN TECNOLÓGICA Y EDUCATIVA, S. DE R. L. DE C.V.
CAMINOS Y DESARROLLOS URBANOS, S.A. DE C.V."
445,LICITACIÓN PÚBLICA,OBRA PÚBLICA,2016-2018,2018,"ABBUD Y ASOCIADOS CONSTRUCCIONES, S.A. DE C.V.",DIRECCIÓN GENERAL DE OBRAS PÚBLICAS,DIRECCIÓN GENERAL DE OBRAS PÚBLICAS,"PAVIMENTACIÓN A BASE DE CONTRETO HIDRÁULICO EN C. FRANCISCO GONZÁLEZ BOCANEGRA TRAMO DE C. LÁZARO CÁRDENAS A C. MONTES DE OCA, EN COL. ZARAGOZA",PAVIMENTACIÓN,3938067.33,FONDO PARA LA INFRAESTRUCTURA SOCIAL MUNICIPAL (FISM),43312,2018/08/31 00:00:00,43280,"ABBUD Y ASOCIADOS CONSTRUCCIONES, S.A. DE C.V.
COMPAÑÍA CONSTRUCTORA FRONTERIZA, S.A. DE C.V.
CONSTRUCTORA ANGLO, S.A. DE C.V.
INMUEBLES Y CONSTRUCCIONES MAYAB, S.A. DE C.V.
VELO URBANIZADORA, S.A. DE C.V.
URBANIZACIONES Y CONSTRUCCIONES BCH, S.A. DE C.V.
CAMINOS Y DESARROLLOS URBANOS, S.A. DE C.V."
447,LICITACIÓN PÚBLICA,OBRA PÚBLICA,2016-2018,2018,"GEYSER, S.A. DE C.V.",DIRECCIÓN GENERAL DE OBRAS PÚBLICAS,DIRECCIÓN GENERAL DE OBRAS PÚBLICAS,"Pavimentación a Base de Concreto Hidráulico en C. Pablo Álvarez tramo de C. Olivo a C. Joaquín Cortázar, en Col. San Felipe del Real",PAVIMENTACIÓN,2423757.15,FONDO DE INFRAESTRUCTURA SOCIAL MUNICIPAL (FISM),43252,2018/08/29 00:00:00,43238,"GEYSER, S.A. DE C.V.
URBANIZADORA GRICARSA, S.A. DE C.V.
PROYECTOS Y CONSTRUCCIONES VALAR, S.A. DE C.V.
VELO URBANIZADORA, S.A. DE C.V.
CAMINOS Y DESARROLLOS URBANOS, S.A. DE C.V.
FRANCISCO JAVIER ACOSTA REYES
GRUPO ASESOR EN INNOVACIÓN TECNOLÓGICA Y EDUCATIVA, S. DE R.L. DE C.V."
464,INVITACIÓN A TRES,OBRA PÚBLICA,2016-2018,2018,"CONSULTORES DE CONTROL Y SUPERVISIÓN, S.C.",DIRECCIÓN GENERAL DE OBRAS PÚBLICAS,DIRECCIÓN GENERAL DE OBRAS PÚBLICAS,ELABORACIÓN Y DETERMINACIÓN DE PRUEBAS DE LABORATORIO Y CONTROL EN DIVERSAS CALLES,PAVIMENTACIÓN,1835562.97,FONDO DE INVERSIÓN MUNICIPAL (IMD),43280,2018/08/31 00:00:00,43269,"CONSULTORES DE CONTROL Y SUPERVISIÓN, S.C.
FERNANDO ARAGÓN GONZÁLEZ
LABORATORIOS DE ESTUDIOS INTEGRALES DE CIUDAD JUÁREZ, S.C."
466,LICITACIÓN PÚBLICA,OBRA PÚBLICA,2016-2018,2018,"C. FRANCISCO JAVIER ACOSTA REYES EN ASOCIACIÓN CON MBZ CONSTRUCTORA, S.A. DE C.V.",DIRECCIÓN GENERAL DE OBRAS PÚBLICAS,DIRECCIÓN GENERAL DE OBRAS PÚBLICAS,"SUMINISTRO Y COLOCACIÓN DE MEZCLA ASFÁLTICA FRÍA PARA BACHEO EN VIALIDADES PRIMARIAS, SECUNDARIAS Y TERCIARIAS",PAVIMENTACIÓN,15594303.4,FONDO DE INVERSIÓN MUNICIPAL (IMD),43294,2018/08/31 00:00:00,43280,"FRANCISCO JAVIER ACOSTA REYES EN ASOCIACIÓN CON MBZ CONSTRUCTORA, S.A. DE C.V.
CONSTRUCCIONES NIRVANA S.A. DE C.V
GRUPO SANTONE, S.A. DE C.V. EN ASOCIACIÓN CON C. GABRIEL AUDE VENZOR
ALIANZA INGENIERA Y CONSTRUCCIÓN, S.A. DE C.V.
CAMINOS Y DESARROLLOS URBANOS, S.A. DE C.V."
524,LICITACIÓN PÚBLICA,ADQUISICIÓN,2016-2018,2018,"MAGNO INGENIERÍA EN ALIMENTOS, S. DE R.L DE C.V.",OFICIALÍA MAYOR,DIRECCIÓN GENERAL DE CENTROS COMUNITARIOS,PRESTACIÓN DE SERVICIO PARA PROGRAMA EN CONTRA DE LA DESNUTRICIÓN Y OBESIDAD,SERVICIOS PROFESIONALES,14264896,GASTO CORRIENTE,43229,2018/08/31 00:00:00,43229,"MAGNO INGENIERÍA EN ALIMENTOS, S. DE R.L. DE C.V., ECO INSUMOS INDUSTRIALES, S.A. DE C.V., SOLUCIONES EMPRESARIALES DANOJU, S. DE R.L. DE C.V."
596,LICITACIÓN PÚBLICA,ADQUISICIÓN,2016-2018,2018,"COMERCIALIZADORA GEODAX, S.A. DE C.V.",OFICIALÍA MAYOR,DIRECCIÓN GENERAL DE SERVICIOS PÚBLICOS,SERVICIOS PARA LA APERTURA Y CIERRE DE FOSAS Y MANTENIMIENTOS EN LOS PANTEONES MUNICIPALES,SERVICIOS PÚBLICOS,1914000,GASTO CORRIENTE,43101,2018/05/31 00:00:00,43104,"COMERCIALIZADORA GEODAX, S.A. DE C.V."
601,LICITACIÓN PÚBLICA,ADQUISICIÓN,2016-2018,2017,"COMERCIALIZADORA GEODAX, S.A. DE C.V.",OFICIALÍA MAYOR,DIRECCIÓN GENERAL DE SERVICIOS PÚBLICOS,(SEGUNDA CONVOCATORIA) EXCAVACIÓN DE FOSAS EN PANTEÓN SAN RAFAEL Y MANTENIMIENTO DE BRECHAS EN PANTEÓN CHAEÑA Y COLINA DE JUÁREZ,SERVICIOS PÚBLICOS,2436000,GASTO CORRIENTE/MATERIALES Y SUMINISTRO,42887,2017/12/31 00:00:00,42887,"1.-RT DE JUÁREZ, S. DE R.L.M.I 2.-COMERCIALIZADORA GEODAX, S.A. DE C.V."
606,LICITACIÓN PÚBLICA,ADQUISICIÓN,2016-2018,2017,"COMERCIALIZADORA SISECOM, S.A. DE C.V.",OFICIALÍA MAYOR,DIRECCIÓN DE RECURSOS MATERIALES,SERVICIO DE RADIOCOMUNICACIÓN,TELECOMUNICACIONES,400896,GASTO CORRIENTE,42736,2017/12/31 00:00:00,42762,"1.-COMERCIALIZADORA COMYSEG, S.A. DE C.V. 2.-COMERCIALIZADORA SISECOM, S.A. DE C.V."
607,LICITACIÓN PÚBLICA,ADQUISICIÓN,2016-2018,2017,"COMERCIALIZADORA COMYSEG, S. DE R.L. DE C.V.",OFICIALÍA MAYOR,DIRECCIÓN DE RECURSOS MATERIALES,SERVICIO DE RADIOCOMUNICACIÓN,TELECOMUNICACIONES,723840,GASTO CORRIENTE,42736,2017/12/31 00:00:00,42738,"1.-COMERCIALIZADORA COMYSEG, S.A. DE C.V. 2.-COMERCIALIZADORA SISECOM, S.A. DE C.V."
615,LICITACIÓN PÚBLICA,ADQUISICIÓN,2016-2018,2017,"COMERCIALIZADORA DROP, S.A. DE C.V.",OFICIALÍA MAYOR,DIRECCIÓN DE RECURSOS MATERIALES,ADQUISICIÓN DE UNIFORMES DE VERANO PARA PERSONAL SINDICALIZADO,UNIFORMES,4657293.66,GASTO CORRIENTE/MATERIALES Y SUMINISTRO,42892,2017/08/31 00:00:00,42898,"1.-COMERCIALIZADORA DROP, S.A. DE C.V. 2.-EMPRESARIAL DUAGLO, S.A. DE C.V. 3.-TACTICAL SOLUTIONS, S. DE R.L. DE C.V."
621,LICITACIÓN PÚBLICA,ADQUISICIÓN,2016-2018,2017,"ALDEN JUÁREZ, S.A. DE C.V.",OFICIALÍA MAYOR,OFICIALÍA MAYOR,ADQUISIÓN DE VEHÍCULOS PARA LA DIRECCIÓN GENERAL DE TRÁNSITO MUNICIPAL,VEHÍCULOS,2796138,FONDO DE INVERSIÓN MUNICIPAL (IMD),42843,2017/06/30 00:00:00,42850,"1.- TOUCHE MOTROS, S.A. DE C.V. 2.- ALDEN JUAREZ, S.A. DE C.V."
622,LICITACIÓN PÚBLICA,ADQUISICIÓN,2016-2018,2017,"TOUCHE MOTORS, S.A. DE C.V.",OFICIALÍA MAYOR,OFICIALÍA MAYOR,ADQUISICIÓN DE VEHÍCULOS PARA SEGURIDAD PÚBLICA. SEGUNDA CONVOCATORIA,VEHÍCULOS,43083225.36,FONDO DE INVERSIÓN MUNICIPAL (IMD),42843,2017/06/30 00:00:00,42846,"1.- TOUCHE MOTROS, S.A. DE C.V. 2.- ALDEN JUAREZ, S.A. DE C.V."
634,INVITACIÓN A TRES,OBRA PÚBLICA,2016-2018,2018,"AI GRUPO DESARROLLADOR Y CONSTRUCTOR, S.A. DE C.V.",DIRECCIÓN GENERAL DE OBRAS PÚBLICAS,DIRECCIÓN GENERAL DE OBRAS PÚBLICAS,"Trabajos consistentes en preliminares, albañilería, estructura de concreto, herrería, iluminación, jardinería, pintura, mobiliario urbano y limpieza, lo antes mencionado es para la construcción de explanada en sede papal, en Av. Heroico Colegio Militar entre calle Costa Rica y calle 5 de Mayo en el Chamizal",OBRAS COMPLEMENTARIAS,1498102.35,FONDO DE INVERSIÓN MUNICIPAL (IMD),43297,2018/08/24 00:00:00,43285,"AI GRUPO DESARROLLADOR Y CONSTRUCTOR, S.A. DE C.V.
SOYO CONSTRUCCIONES, S.A. DE C.V.
CONSTRUCTORA ANGLO, S.A. DE C.V."
635,INVITACIÓN A TRES,OBRA PÚBLICA,2016-2018,2018,C. FRANCISCO JAVIER ACOSTA REYES,DIRECCIÓN GENERAL DE OBRAS PÚBLICAS,DIRECCIÓN GENERAL DE OBRAS PÚBLICAS,"Trabajos consistentes en: preliminares, terracerías, cimentación, muros de hormigón, plaza, banquetas y guarniciones, estacionamiento, maniobras y refuerzos, áreas verdes, lo antes mencionado es para la elaboración de murales a la escultura propiamente ubicada en su lugar de exhibición, andamios, pintura en aerosol, mano de obra y todo lo necesario para la correcta ejecucion del proyecto ""Ser Fronterizo"", en Av. Francisco Villareal Torres, de la Col. Hermilda",OBRAS COMPLEMENTARIAS,1710173.04,FONDO DE INVERSIÓN MUNICIPAL (IMD),43301,2018/08/28 00:00:00,43291,"FRANCISCO JAVIER ACOSTA REYES
CAMINOS Y DESARROLLOS URBANOS, S.A. DE C.V.
AI GRUPO DESARROLLADOR Y CONSTRUCTOR, S.A. DE C.V."
637,INVITACIÓN A TRES,OBRA PÚBLICA,2016-2018,2018,"PROYECTOS Y CONSTRUCCIONES VALAR, S.A. DE C.V.",DIRECCIÓN GENERAL DE OBRAS PÚBLICAS,DIRECCIÓN GENERAL DE OBRAS PÚBLICAS,"Trabajos de pavimentación a base de concreto hidráulico de la C. Arturo Alvarez tramo C. Victoria Medina a C. Puerto Alicante, en la Colonia Carlos Chavira Becerra ZAP 6699",PAVIMENTACIÓN,2875734.76,FONDO PARA LA INFRAESTRUCTURA SOCIAL MUNICIPAL (FISM),43314,2018/09/20 00:00:00,43301,"PROYECTOS Y CONSTRUCCIONES VALAR, S.A. DE C.V.
CONSTRUCTORA ANGLO, S.A. DE C.V.
AI GRUPO DESARROLLADOR Y CONSTRUCTOR, S.A. DE C.V."
638,LICITACIÓN PÚBLICA,OBRA PÚBLICA,2016-2018,2018,"TRITURADOS ASFÁLTICOS DEL VALLE DE JUÁREZ, S.A. DE C.V.",DIRECCIÓN GENERAL DE OBRAS PÚBLICAS,DIRECCIÓN GENERAL DE OBRAS PÚBLICAS,Trabajos consistentes en la Elaboración y Suministro Libre a Bordo Planta de Mezcla Asfáltica Fría para Bacheo,BACHEO,7314148.82,FONDO DE INVERSIÓN MUNICIPAL (IMD),43314,2018/10/30 00:00:00,43304,"TRITURADOS ASFÁLTICOS DEL VALLE DE JUÁREZ, S.A. DE C.V. EN ASOCIACIÓN CON MANUEL DAVID RICO RASCÓN
CAMINOS Y DESARROLLOS URBANOS, S.A. DE C.V.
GRUPO SANTONE, S.A. DE C.V. EN ASOCIACIÓN CON GABRIEL AUDE VENZOR"
639,LICITACIÓN PÚBLICA,OBRA PÚBLICA,2016-2018,2018,"CAMINOS Y DESARROLLOS URBANOS, S.A. DE C.V.",DIRECCIÓN GENERAL DE OBRAS PÚBLICAS,DIRECCIÓN GENERAL DE OBRAS PÚBLICAS,"Trabajos  consistentes en Pavimentación a Base de Concreto Hidráulico en las siguientes vialidades: 1) C. San Felipe tramo de C. San Mateo a C. Santa Teresa en Col. Lázaro Cárdenas ($2,610,519.80) y 2) C. Novena tramo de C. Francisco Sarabia a C. Francisco I. Madero en Col. División del Norte ($1,465,598.09)",PAVIMENTACIÓN,4728296.75,FONDO DE INVERSIÓN MUNICIPAL (IMD),43314,2018/12/29 00:00:00,43301,"CAMINOS Y DESARROLLOS URBANOS, S.A. DE C.V.
URBANIZACIONES Y CONSTRUCCIONES BCH, S.A. DE C.V.
RT DE JUÁREZ, S. DE R.L. M.I.
COPSA SISTEMAS CONSTRUCTIVOS OBRAS Y PROYECTOS, S.A. DE C.V.
ARTURO DÁVILA DOZAL
GRUPO SANTONE, S.A. DE C.V. EN ASOCIACIÓN CON GABRIEL AUDE VENZOR"
640,LICITACIÓN PÚBLICA,OBRA PÚBLICA,2016-2018,2018,"GRUPO SANTONE, S.A. DE C.V.",DIRECCIÓN GENERAL DE OBRAS PÚBLICAS,DIRECCIÓN GENERAL DE OBRAS PÚBLICAS,"Trabajos  consistentes en Pavimentación a Base de Concreto Hidráulico en las siguientes vialidades: 1) C. Nigeria tramo de C. Gaspar Sandoval a C. José de Iturragaray en Col. Campestre Virreyes ($2,190,559.19) y 2) C. Estragón tramo de C. Uva a C. Mamey en Col. Lucio Blanco 2 ($2,069,442.19)",PAVIMENTACIÓN,4941601.6,FONDO DE INVERSIÓN MUNICIPAL (IMD),43314,2018/12/29 00:00:00,43301,"GRUPO SANTONE, S.A. DE C.V. EN ASOCIACIÓN CON GABRIEL AUDE VENZOR
URBANIZACIONES Y CONSTRUCCIONES BCH, S.A. DE C.V.
C. ARTURO DÁVILA DOZAL
RT DE JUÁREZ, S. DE R.L. M.I.
CAMINOS Y DESARROLLOS URBANOS, S.A. DE C.V."
641,LICITACIÓN PÚBLICA,OBRA PÚBLICA,2016-2018,2018,"VELO URBANIZADORA, S.A. DE C.V.",DIRECCIÓN GENERAL DE OBRAS PÚBLICAS,DIRECCIÓN GENERAL DE OBRAS PÚBLICAS,"Trabajos de Introducción de Red de Agua Potable, Alcantarillado y Revestimiento en: C. Angula tramo de C. Salmonte a C. Rodaballo, en Col. Puerto Anapra",PAVIMENTACIÓN,3679420.92,FONDO PARA LA INFRAESTRUCTURA SOCIAL MUNICIPAL (FISM),43314,2018/12/29 00:00:00,43301,"VELO URBANIZADORA, S.A. DE C.V.
URBANIZACIONES Y CONSTRUCCIONES BCH, S.A. DE C.V.
ARTURO DÁVILA DOZAL
GRUPO SANTONE, S.A. DE C.V. EN ASOCIACIÓN CON GABRIEL AUDE VENZOR"
642,LICITACIÓN PÚBLICA,OBRA PÚBLICA,2016-2018,2018,"SOYO CONSTRUCCIONES, S.A. DE C.V.",DIRECCIÓN GENERAL DE OBRAS PÚBLICAS,DIRECCIÓN GENERAL DE OBRAS PÚBLICAS,"Trabajos consistentes en la Rehabilitación de Parque en: 1.- Parque Felipe Ángeles de C. Arroyo del Mimbre en Col. Felipe Ángeles ($431,031.57), 2.- Parque Bellavista de Av. Bernardo Norzagaray entre C. Bronce y C. Estaño en Col. Bellavista de esta ciudad ($429,825.89), 3.- Parque Infonavit Casas Grandes de C. Alberto Arrieta, C. Manuel Galvez, C. Tomás Iriarte y C. Vicente Zamora en Col. Infonavit Casas Grandes ($431,031.57), 4.- Parque Fovisste de C. Plutarco Elías Calles y C. Mar de Japón en  Col. Fovisste ($431,031.57), 5.- Parque Niño de Jesús de C. Donato Guerra y C. Cadmio en Col. Durango ($431,031.57), 6.- Parque San Ángel de C. P. Ma. Dolores y C. P. Norberto Hernádez de Col. San Ángel ($431,031.57), en la Col. Carlos Chavira Becerra ZAP 6699","CONSTRUCCIÓN, REHABILITACIÓN Y EQUIPAMIENTO A PARQUES",2998581.14,FONDO DE INVERSIÓN MUNICIPAL (IMD),43314,2018/12/19 00:00:00,43301,"SOYO CONSTRUCCIONES, S.A. DE C.V.
COMPAÑÍA CONSTRUCTORA FRONTERIZA, S.A. DE C.V.
CONSTRUCTORA Y ARRENDADORA CENSOL, S.A. DE C.V."
643,LICITACIÓN PÚBLICA,OBRA PÚBLICA,2016-2018,2018,"CONSTRUCTORA Y ARRENDADORA CENSOL, S.A. DE C.V.",DIRECCIÓN GENERAL DE OBRAS PÚBLICAS,DIRECCIÓN GENERAL DE OBRAS PÚBLICAS,"Trabajos consistentes en la Rehabilitación de Parque en: 1.- Parque Erendira de C. Paracuaro, C. Morelia, C. Jiquilpan y C. Grosella en Col. Erendira ($427,903.09), 2.- Parque Waterfil de C. Texas y C. Kansas en Col. Waterfil Rio Bravo ($427,903.09), 3.- Parque Revolución Mexicana de C. Ponciano Arriaga y C. Feliciano Dominguez en Col. Revolución Mexicana ($427,903.09), 4.- Parque Colinas del Norte Etapa II de C.Serpiente y C. Cactus en Col. Colinas del Norte Etapa II ($399,956.01), 5.- Parque Infonavit Tecnológico de C. Indonesia y C. Somalia en Col. Infonavit Tecnológico ($427,903.09) y 6.- Parque Morelos III de C. Laguna de Rodeo y C. Encantada de Col. Morelos III ($427,903.09)","CONSTRUCCIÓN, REHABILITACIÓN Y EQUIPAMIENTO A PARQUES",2945786.89,FONDO DE INVERSIÓN MUNICIPAL (IMD),43314,2018/12/19 00:00:00,43301,"CONSTRUCTORA Y ARRENDADORA CENSOL, S.A. DE C.V.
CONSTRUCTORA FIGOSA, S.A. DE C.V.
SOYO CONSTRUCCIONES, S.A. DE C.V.
URBANIZADORA EBA, S.A. DE C.V. EN ASOCIACIÓN CON VELO URBANIZADORA, S.A. DE C.V.
GRUPO HAGEO, S.A. DE C.V."
644,LICITACIÓN PÚBLICA,OBRA PÚBLICA,2016-2018,2018,"CONSTRUCTORA FIGOSA, S.A. DE C.V.",DIRECCIÓN GENERAL DE OBRAS PÚBLICAS,DIRECCIÓN GENERAL DE OBRAS PÚBLICAS,"Trabajos consistentes en la Rehabilitación de Parque en: 1.- Parque Valle de Santiago IV de C. San Federico y C. San Benjamin en Col. Valle de Santiago ($348,844.00), 2.- Parque El Mezquital de C. Romero, C. Romerillo y C. Vid en Col. El Mezquital Etapa I ($381,223.06), 3.- Parque Senderos de San Isidro de C. Senderos de Pamplona y C. Senderos en Col. Senderos de San Isidro ($348,844.00), 4.- Parque Henequén de C. Puerto Miniza y C. Puerto España en Col. Patria ($348,844.00), 5.- Parque Mojave de C. Desierto de Mojave y C. Eduarda Barbachano en Col. Hacienda de las Torres X-XI ($426,838.56), 6.- Parque Fortín de la Soledad de C. Paseo de San Isidro y C. Fortín de la Soledad de Col. Parajes de San Isidro ($381,223.06)","CONSTRUCCIÓN, REHABILITACIÓN Y EQUIPAMIENTO A PARQUES",2593547.35,FONDO DE INVERSIÓN MUNICIPAL (IMD),43314,2018/12/19 00:00:00,43301,"CONSTRUCTORA FIGOSA, S.A. DE C.V.
COMPAÑÍA CONSTRUCTORA FRONTERIZA, S.A. DE C.V.
SOYO CONSTRUCCIONES, S.A. DE C.V.
GRUPO HAGEO, S.A. DE C.V."
690,LICITACIÓN PÚBLICA,OBRA PÚBLICA,2016-2018,2018,"SOYO CONSTRUCCIONES, S.A. DE C.V.",DIRECCIÓN GENERAL DE OBRAS PÚBLICAS,DIRECCIÓN GENERAL DE OBRAS PÚBLICAS,"Trabajos consistentes en: 1) Mejora Geométrica y Construcción de Banquetas en C. Camino Viejo a San José de C. Misión Diego de Alcaña a Av. Paseo de la Victoria ($477,551.06). 2) Pavimentación a base de Concreto Hidráulico en C. Amero de Av. Ejército Nacional a C. Camino Viejo a San José en Col. Floresta de San José ($1´676,702.06). 3) Pavimentación a base de Concreto Hidráulico en C. de los Olivos de Blvd. Teófilo Borunda a C, Olivo Dorado en Col. Cerrada de los Olivos ($2´156,376.98).",OBRAS COMPLEMENTARIAS,5000330.92,FONDE DE INVERSIÓN MUNICIPAL (IMD),43333,2018/12/08 00:00:00,43319,"SOYO CONSTRUCCIONES, S.A. DE C.V.
CONSTRUCTORA ELÉCTRICA FER, S.A. DE C.V.
MANUEL DAVID RICO RASCÓN
URBANIZADORA GRICARSA, S.A. DE C.V.
COMPAÑÍA CONSTRUCTORA FRONTERIZA, S.A. DE C.V.
ARQUITECTURA E INGENIERÍA S Y CH, S.A. DE C.V.
CAMINOS Y DESARROLLOS URBANOS, S.A. DE C.V.
CONSTRUCTORA ANGLO, S.A. DE C.V.
RT DE JUÁREZ, S. DE R.L. M.I."
691,LICITACIÓN PÚBLICA,OBRA PÚBLICA,2016-2018,2018,C. MANUEL DAVID RICO RASCÓN,DIRECCIÓN GENERAL DE OBRAS PÚBLICAS,DIRECCIÓN GENERAL DE OBRAS PÚBLICAS,"Trabajos consistentes en: 1) Pavimentación a base de Concreto Hidráulico en C. Congo de C. Camilo Cien Fuegos a C. Gaspar Sandoval en Col. Campestre Virreyes ($1´535,680.74). 2) Pavimentación a base de Concreto Hidráulico en C. Defensa Pupular de C. José Luis de Velasco a C. José Antonio Bucareli en Col. Campestre Virreyes ($838,989.40).",PAVIMENTACIÓN,2754617.36,FONDE DE INVERSIÓN MUNICIPAL (IMD),43333,2018/12/08 00:00:00,43319,"MANUEL DAVID RICO RASCÓN
CONSTRUCTORA ANGLO, S.A. DE C.V.
INMUEBLES Y CONSTRUCCIONES MAYAB, S.A. DE C.V.
CAMINOS Y DESARROLLOS URBANOS, S.A. DE C.V.
TRABCOM CONSTRUCTORA, S.A. DE C.V."
692,LICITACIÓN PÚBLICA,OBRA PÚBLICA,2016-2018,2018,"SOYO CONSTRUCCIONES, S.A. DE C.V.",DIRECCIÓN GENERAL DE OBRAS PÚBLICAS,DIRECCIÓN GENERAL DE OBRAS PÚBLICAS,"Trabajos consistentes en: 1) Pavimentación a base de Concreto Hidráulico en C. Privada San Francisco de C. Peral a C. San Fancisco en Col. Lázaro Cárdenas ($870,887.58). 2) Pavimentación a base de Concreto Hidráulico en C. San Francisco de C. San Agustín a C. José María Borquez en Col. Lázaro Cárdenas ($738,859.63). 3) Pavimentación a base de Concreto Hidráulico en C. San Agustín de C. San Francisco a C. San Felipe en Col. Lázaro Cárdenas (2´919,467.58). 4) Pavimentación a base de Concreto Hidráulico en C. San Mateo y/o Elimio Carranza de C. San Felipe a C. Durazno en Col. Lázaro Cárdenas ($1´888,919.53). 5) Pavimentación a base de Concreto Hidráulico en C. Santa Rita de C. Santa Teresa a C. San Nicolás en Col. Lázaro Cárdenas (2´237,796.67).",PAVIMENTACIÓN,10040879.95,FONDE DE INVERSIÓN MUNICIPAL (IMD),43333,2018/12/08 00:00:00,43319,"SOYO CONSTRUCCIONES, S.A. DE C.V.
URBANIZADORA GRICARSA, S.A. DE C.V.
COMPAÑÍA CONSTRUCTORA FRONTERIZA, S.A. DE C.V.
CONSTRUCTORA Y PROVEEDORA FUENTES, S.A. DE C.V.
CONSTRUCTORA ANGLO, S.A. DE C.V.
RT DE JUÁREZ, S. DE R.L. M.I.
SIROVIAL, S.A. DE C.V."
693,LICITACIÓN PÚBLICA,OBRA PÚBLICA,2016-2018,2018,"URBANIZADORA GRICARSA, S.A. DE C.V.",DIRECCIÓN GENERAL DE OBRAS PÚBLICAS,DIRECCIÓN GENERAL DE OBRAS PÚBLICAS,"Trabajos consistentes en: 1) Pavimentación a base de Comcreto Hidráulico en C. Mariano Samaniego de C. Berillo a C. Platino en Col. Arroyo Colorado ($2´221,379.42). 2) Pavimentación a base de Concreto Hidráulico en Col. Del Ebanista de Vías F.F.C.C. a Tope con pacimento en Col. Agustín Melgar ($1´312,374.26).",PAVIMENTACIÓN,4099154.27,FONDE DE INVERSIÓN MUNICIPAL (IMD),43333,2018/12/08 00:00:00,43319,"URBANIZADORA GRICARSA, S.A. DE C.V.
MANUEL DAVID RICO RASCÓN
SOYO CONSTRUCCIONES, S.A. DE C.V.
CONSTRUCTORA ANGLO, S.A. DE C.V.
RT DE JUÁREZ, S. DE R.L. M.I.
ARQUITECTURA E INGENIERÍA S Y CH, S.A. DE C.V.
JOAQUÍN FERNANDO MACÍAS DELGADO
TRABCOM CONSTRUCTORA, S.A. DE C.V."
694,LICITACIÓN PÚBLICA,OBRA PÚBLICA,2016-2018,2018,C. JOSÉ LUIS ANGUIANO OCHOA,DIRECCIÓN GENERAL DE OBRAS PÚBLICAS,DIRECCIÓN GENERAL DE OBRAS PÚBLICAS,"Trabajos consistentes en: 1)Introducción de Red de Agua Potable, Alcantarillado y Revestimiento en C. Atrás quedó la huella de Blvd. Zaragoza a C. Victoria Medina Hernández en Col. Carlos Chavira ($2´360,253.25). 2) Introducción de Red de Agua Potable, Alcantarillado y Revestimiento en C. Merluza de Carretera a Rancho Anapra e C. Calamar en Col. Rancho Anapra ($1´788,762.06).",PAVIMENTACIÓN,4812857.76,FONDO PARA LA INFRAESTRUCTURA SOCIAL MUNICIPAL (FISM),43333,2018/12/08 00:00:00,43319,"CONSTRUCTORA ANGLO, S.A. DE C.V.
MANUEL DAVID RICO RASCÓN
COMPAÑÍA CONSTRUCTORA FRONTERIZA, S.A. DE C.V.
CONSTRUCTORA ELÉCTRICA FER, S.A. DE C.V.
SOYO CONSTRUCCIONES, S.A. DE C.V.
RT DE JUÁREZ, S. DE R.L. M.I.
URBANIZADORA GICARSA, S.A. DE C.V.
CONSTRUCTORA FIGOSA, S.A. DE C.V.
ARQUITECTURA E INGENIERÍA S Y CH, S.A. DE C.V.
COPSA SISTEMAS CONSTRUCTIVOS OBRAS Y PROYECTOS, S.A. DE C.V."
695,LICITACIÓN PÚBLICA,OBRA PÚBLICA,2016-2018,2018,"CONSTRUCTORA ANGLO, S.A. DE C.V.",DIRECCIÓN GENERAL DE OBRAS PÚBLICAS,DIRECCIÓN GENERAL DE OBRAS PÚBLICAS,"Los trabajos consistentes en: Introducción de Red de Agua Potable, Alcantarillado y Revestimiento en C. Orfio de Carretera a Rancho Anapra a C. Calamar en Col. Rancho Anapra.",PAVIMENTACIÓN,2293430.63,FONDO PARA LA INFRAESTRUCTURA SOCIAL MUNICIPAL (FISM),43333,2018/12/08 00:00:00,43319,"CONSTRUCTORA ANGLO, S.A. DE C.V.
INMUEBLES Y CONSTRUCCIONES MAYAB, S.A. DE C.V.
COMPAÑÍA CONSTRUCTORA FRONTERIZA, S.A. DE C.V.
DONATO ESTEBAN RAMOS BORUNDA
ARQUITECTURA E INGENIERÍA S Y CH, S.A. DE C.V.
CONSTRUCTORA FIGOSA, S.A. DE C.V.
GERARDO ARTURO SAMANIEGO SAENZ"
696,LICITACIÓN PÚBLICA,OBRA PÚBLICA,2016-2018,2018,"CONSTRUCTORA FIGOSA, S.A. DE C.V.",DIRECCIÓN GENERAL DE OBRAS PÚBLICAS,DIRECCIÓN GENERAL DE OBRAS PÚBLICAS,"Trabajos consistentes en: Construcción de 690 m3 de Muros de Contención en diversas ubicaciones en el municipio de Juárez, Chiahuahua.",OBRAS COMPLEMENTARIAS,1700906.03,FONDE DE INVERSIÓN MUNICIPAL (IMD),43333,2018/12/08 00:00:00,43319,"CONSTRUCTORA FIGOSA, S.A. DE C.V.
JOSÉ SOCORRO FIERRO MELÉNDEZ
GERARDO ARTURO SAMANIEGO SAENZ
ROAS CONSTRUCCIONES, S.A. DE C.V."
697,INVITACIÓN A TRES,OBRA PÚBLICA,2016-2018,2018,"TRITURADOS ASFÁLTICOS DEL VALLE DE JUÁREZ, S.A. DE C.V.",DIRECCIÓN GENERAL DE OBRAS PÚBLICAS,DIRECCIÓN GENERAL DE OBRAS PÚBLICAS,"Trabajos de rehabilitación con los siguientes conceptos: Preliminares, Pavimentación e Imagen Urbana, lo antes mencionado para rehabilitación a base de Carpeta Asfáltica y Fresado en la Calle Francisco Villa tramo Ave. 16 de Septiembre a Av. Vicente Guerrero en la Zona Centro.",REHABILITACIÓN DE PAVIMENTO,1421358.99,FONDE DE INVERSIÓN MUNICIPAL (IMD),43342,2018/09/28 00:00:00,43328,"TRITURADOS ASFÁLTICOS DEL VALLE DE JUÁREZ, S.A. DE C.V.
CAMINOS Y DESARROLLOS URBANOS, S.A. DE C.V.
MANUEL DAVID RICO RASCÓN"
698,INVITACIÓN A TRES,OBRA PÚBLICA,2016-2018,2018,"SIROVIAL, S.A. DE C.V.",DIRECCIÓN GENERAL DE OBRAS PÚBLICAS,DIRECCIÓN GENERAL DE OBRAS PÚBLICAS,"Trabajos de introducción de Red de Agua Potable, Alcantarillado y Revestimiento en: C. Tijuana tramo de C. José María Morelos a C. Ramón Rayón en Col. Puerto la Paz.",PAVIMENTACIÓN,2579934.03,FONDO PARA LA INFRAESTRUCTURA SOCIAL MUNICIPAL (FISM),43342,2018/12/27 00:00:00,43329,"SIROVIAL, S.A. DE C.V.
TRABCOM CONSTRUCTORA, S.A. DE C.V.
RT DE JUÁREZ, S. DE R.L. M.I.
MANUEL DAVID RICO RASCÓN"
699,INVITACIÓN A TRES,OBRA PÚBLICA,2016-2018,2018,"INGENIERÍA EN MANUFACTURAS Y SERVICIOS, S.A. DE C.V.",DIRECCIÓN GENERAL DE OBRAS PÚBLICAS,DIRECCIÓN GENERAL DE OBRAS PÚBLICAS,"Trabajos de introducción de Red de Agua Potable, Alcantarillado y Revestimiento en: C. Baja California tramo de C. José María Morelos a C. Ramón Rayón en Col. Puerto La Paz del Municipio de Juárez, Chihuahua.",PAVIMENTACIÓN,2971200.94,FONDO PARA LA INFRAESTRUCTURA SOCIAL MUNICIPAL (FISM),43342,2018/12/27 00:00:00,43329,"INGENIERÍA EN MANUFACTURAS Y SERVICIOS, S.A. DE C.V.
AI GRUPO DESARROLLADOR Y CONSTRUCTOR, S.A. DE C.V.
PROYECTOS Y CONSTRUCCIONES VALAR, S.A. DE C.V.
SOYO CONSTRUCCIONES, S.A. DE C.V."
705,LICITACIÓN PÚBLICA,OBRA PÚBLICA,2016-2018,2018,"CONSTRUCCIONES Y SERVICIOS LLANES, S. A. DE C.V.",DIRECCIÓN GENERAL DE OBRAS PÚBLICAS,DIRECCIÓN GENERAL DE OBRAS PÚBLICAS,TRABAJOS DE PAVIMENTACIÓN A BASE DE CONCRETO HIDRÁULICO DE LA CALLE SILURO (COAHUILA) ENTRE CALLE CANGREJO Y CALLE ARENQUE,PAVIMENTACIÓN,4432939.87,PROGRAMA DE INFRAESTRUCTURA 2018 HABITAT,43361,2018/12/26 00:00:00,43350,"CONSTRUCCIONES Y SERVICIOS LLANES, S. A. DE C.V. CONSTRUCTORA ELÉCTRICA FER, S.A. DE C.V.
CONSTRUCTORA DE OBRA Y URBANIZACIÓN, S.A. DE C.V.
INMUEBLES Y CONSTRUCCIONES MAYAB, S.A. DE C.V.
Compañía Constructora Fronteriza, S.A. de C.V.
Grupo Santone, S.A. de C.V.
Soyo Construcciones, S.A. de C.V.
RT de Juárez, S. de R.L. M.I.
Joaquin Fernando Macias Delgado 
Proyectos y Construcciones Valar, S.A. de C.V.
Constructora Anglo, S.A. de C.V.
José Abraham Rosas Pillado 
Urbanizaciones y Construcciones BCH, S.A. de C.V.
MBZ Constructora, S.A. de C.V.
Urbanizadora Eba, S.A. de C.V. en asociación con Roas Construcciones, S.A. de C.V.
Trabcom Constructora, S.A. de C.V."
706,LICITACIÓN PÚBLICA,OBRA PÚBLICA,2016-2018,2018,C. JOAQUÍN FERNANDO MACÍAS DELGADO,DIRECCIÓN GENERAL DE OBRAS PÚBLICAS,DIRECCIÓN GENERAL DE OBRAS PÚBLICAS,TRABAJOS DE PAVIMENTACIÓN A BASE DE CONCRETO HIDRÁULICO DE LA CALLE CAMARÓN ENTRE CALLE SILURIO (COAHUILA) Y CALLE RODABALLO,PAVIMENTACIÓN,5661833.63,PROGRAMA DE INFRAESTRUCTURA 2018 HABITAT,43361,2018/12/26 00:00:00,43350,"JOAQUÍN FERNANDO MACÍAS DELGADO; CONSTRUCCIONES Y MAQUINARIA GONZÁLEZ, S.A. de C.V. 
CONSTRUCTORA DE OBRA Y URBANICACIÓN, S.A. de C.V.
CONSTRUCTORA ELÉCTRICA FER, S.A. de C.V. 
Soyo Construcciones, S.A. de C.V.
Grupo Santone, S.A. de C.V. 
Inmuebles y Construcciones Mayab, S.A. de C.V.
Construcciones y Servicios Llanes, S.A. de C.V.
Compañía Constructora Fronteriza, S.A. de C.V.
José Abraham Rosas Pillado
Grupo Asesor en Innovación Tecnológica y Educativa, S. de R.L. de C.V.
Proyectos y Construcciones Valar, S.A. de C.V.
Constructora Anglo, S.A. de C.V.
RT de Juárez, S. de R.L. M.I.
MBZ Constructora, S.A. de C.V.
Trabcom Constructora, S.A. de C.V.
Urbanizaciones y Construcciones BCH, S.A. de C.V."
788,LICITACIÓN PÚBLICA,OBRA PÚBLICA,2018-2021,2018,"MANIOBRAS CONSTRUCTIVAS DE JUÁREZ, S.A. DE C.V.",DIRECCIÓN GENERAL DE OBRAS PÚBLICAS,DIRECCIÓN GENERAL DE OBRAS PÚBLICAS,"Trabajos de Pavimentación a base de Concreto Hidráulico de la Calle Ramona V. de Garfias/Capulín tramo Calle Benjamín Yuriar a Calle Grama n Col. Héroes de la Revolución en el Municipio de Juárez, Chihuahua",PAVIMENTACIÓN,2150252.56,FONDO PARA EL DESARROLLO REGIONAL SUSTENTABLE DE ESTADOS Y MUNICIPIOS MINEROS DEL 2018,43460,2019/03/25 00:00:00,43447,"CONSTRUCCIONES Y URBANIZACIONES MAD, S. DE R.L. DE C.V.
COMPAÑÍA CONSTRUCTORA FRONTERIZA, S.A. de C.V. 
DONATA ESTEBAN RAMOS BORUNDA
MANUEL DAVID RICO RASCÓN
CONSTRUCTORA DE OBRA Y URBANIZACIÓN, S.A. de C.V.
Urbanizadora Gricarsa, S.A. de C.V.
Soyo Construcciones, S.A. de C.V. 
Palermo Construcciones, S.A. de C.V.
Constructora Anglo, S.A. de C.V.
MBZ Constructora, S.A. de C.V.
Abbud y Asociados Construcciones, S.A. de C.V.
Trabcom Constructora, S.A. de C.V.
Urbanizaciones y Construcciones BCH, S.A. de C.V.
RT de Juárez, S. de R.L. M.I.
MB Construye Verde, S.A. de C.V.
Caminos y Desarrollos Urbanos, S.A. de C.V. 
Constructora Figosa, S.A. de C.V."
789,LICITACIÓN PÚBLICA,OBRA PÚBLICA,2018-2021,2018,"CAMINOS Y DESARROLLOS URBANOS, S.A. DE C.V.",DIRECCIÓN GENERAL DE OBRAS PÚBLICAS,DIRECCIÓN GENERAL DE OBRAS PÚBLICAS,"Pavimentación a base de concreto hidráulico de C. Lucio Cabañas tramo de: C. Arroyo Jarudo a C. Sierra Madre Oriental, en la Col. La Cuesta, en el Municipio de Juárez, Chihuahua",PAVIMENTACIÓN,5848239.63,FONDO DE INVERSIÓN MUNICIPAL (IMD),43460,2019/04/24 00:00:00,43447,"CAMINOS Y DESARROLLOS URBANOS, S.A. DE C.V. Urbanizaciones y Construcciones MAD, S. de R.L. de C.V.
José Socorro Fierro Meléndez 
MBZ Constructora, S.A. de C.V.
Trabcom Constructora, S.A. de C.V.
Urbanizadora Griacarsa, S.A. de C.V.
Constructora de Obra y Urbanización, S.A. de C.V.
Compañía Constructora Fronteriza, S.A. de C.V.
RT de Juárez, S. de R.L. M.I.
Manuel David Rico Rascón
Soyo Construcciones, S.A. de C.V. 
Maniobras Constructivas de Juárez, S.A. de C.V.
Construcciones y Servicios Llanes, S.A. de C.V.
Laguera Construcciones, S.A. de C.V.
Urbanizaciones y Construcciones BCH, S.A. de C.V.
Proyectos y Construcciones Valar, S.A. de C.V.
Grupo Santone en asoc. con Gabriel Aude Venzor"
790,LICITACIÓN PÚBLICA,OBRA PÚBLICA,2018-2021,2018,"CAMINOS Y DESARROLLOS URBANOS, S.A. DE C.V.",DIRECCIÓN GENERAL DE OBRAS PÚBLICAS,DIRECCIÓN GENERAL DE OBRAS PÚBLICAS,"Trabajos consistentes en: pavimentación a base de concreto hidráulico en la Calle Tlahuicas tramo: C. Tepanecas - C. Olmecas, en la Col. Aztecas, en el Municipio de Juárez, Chihuahua",PAVIMENTACIÓN,4308880.73,FONDO DE INVERSIÓN MUNICIPAL (IMD),43460,2019/04/24 00:00:00,43447,"CAMINOS Y DESARROLLOS URBANOS, S.A. DE C.V., Urbanizaciones y Construcciones MAD, S. de R.L. de C.V.
MBZ Constructora, S.A. de C.V.
Trabcom Constructora, S.A. de C.V.
Compañía Constructora Froteriza, S.A. de C.V.
Abbud y Asociados Construcciones, S.A. de C.V.
Constructora Anglo, S.A. de C.V.
Constructora Eléctrica Fer, S.A. de C.V.
Soyo Construcciones, S.A. de C.V.
RT de Juárez, S. de R.L. M.I.
Maniobras Constructivas de Juárez, S.A. de C.V.
Proyectos y Construcciones Valar, S.A. de C.V.
Grupo Santone en asociación con Gabriel Aude Venzor"
792,LICITACIÓN PÚBLICA,OBRA PÚBLICA,2018-2021,2018,"GRUPO HAGEO, S.A. DE C.V.",DIRECCIÓN GENERAL DE OBRAS PÚBLICAS,DIRECCIÓN GENERAL DE OBRAS PÚBLICAS,"Trabajos consistentes en: pavimentación a base de concreto hidráulico en la Calle Gral. Manuel Marín tramo: C. Orestes Pereyra a C. Gral. Gilberto Limón, en la Col. Revolución Mexicana, en el Municipio de Juárez, Chihuahua",PAVIMENTACIÓN,3716563.92,FONDO DE INVERSIÓN MUNICIPAL (IMD),43460,2019/04/24 00:00:00,43447,"GRUPO HAGEO, S.A. DE C.V., Urbanizaciones y Construcciones MAD, S. de R.L. de C.V.
Constructora Eléctrica Fer, S.A. de C.V.
MBZ Constructora, S.A. de C.V.
Compañía Constructora Fronteriza, S.A. de C.V.
Constructora Anglo, S.A. de C.V.
Soyo Construcciones, S.A. de C.V.
Caminos y Desarrollos Urbanos, S.A. de C.V.
Llaee Urbanización y Construcción, S.A. de C.V.
Grupo Santone en asociación con Gabriel Aude Venzor"
793,INVITACIÓN A TRES,OBRA PÚBLICA,2018-2021,2018,"MB CONSTRUYE VERDE, S.A. DE C.V.",DIRECCIÓN GENERAL DE OBRAS PÚBLICAS,DIRECCIÓN GENERAL DE OBRAS PÚBLICAS,"Trabajos consistentes en: Pavimentación a base de concreto hidráulico en Calle Guadalupe Casillas tramo Calle Federico Cervantes a Calle Zafra, en la Col. Revolución Mexicana en el Municipio de Juárez, Chihuahua",PAVIMENTACIÓN,2931173.13,FONDO DE INVERSIÓN MUNICIPAL (IMD),43461,2019/04/25 00:00:00,43448,"MB CONSTRUYE VERDE, S.A. DE C.V., Maniobras Constructivas de Juárez, S.A. de C.V.
Arquitectura e Ingeniería S y CH, S.A. de C.V."
794,INVITACIÓN A TRES,OBRA PÚBLICA,2018-2021,2018,"GRUPO ASESOR EN INNOVACIÓN TECNOLÓGICA Y EDUCATIVA, S. DE R.L. DE C.V.",DIRECCIÓN GENERAL DE OBRAS PÚBLICAS,DIRECCIÓN GENERAL DE OBRAS PÚBLICAS,"Trabajos de Pavimentación de Calle Coyuca Tramo: C. Teloloapan - C.Teotepec, en la Col. Nueva Galeana, en el Municipio de Juárez, Chihuahua",PAVIMENTACIÓN,3285610.32,FONDO DE INVERSIÓN MUNICIPAL (IMD),43461,2019/04/25 00:00:00,43455,"GRUPO ASESOR EN INNOVACIÓN TECNOLÓGICA Y EDUCATIVA, S. DE R.L. DE C.V., Arquitectura e Ingeniería S y CH, S.A. de C.V.
Llaee Urbanización y Construcción, S.A. de C.V.
MB Construye Verde, S.A. de C.V."
795,LICITACIÓN PÚBLICA,OBRA PÚBLICA,2018-2021,2018,"ARQUITECTURA E INGENIERÍA S Y CH, S.A. DE C.V.",DIRECCIÓN GENERAL DE OBRAS PÚBLICAS,DIRECCIÓN GENERAL DE OBRAS PÚBLICAS,"Trabajos consistentes en: Pavimentación a base de concreto hidráulico en Calle Puerto Vigo tramo Calle Puerto Huelva a Calle Puerto Lisboa, en la Col. Tierra Nueva I, en el Municipio de Juárez, Chihuahua",PAVIMENTACIÓN,3125255.06,FONDO DE INVERSIÓN MUNICIPAL (IMD),43461,2019/04/25 00:00:00,43448,"ARQUITECTURA E INGENIERÍA S Y CH, S.A. DE C.V., Grupo Koraachi, S.A. de C.V.
MB Construye Verde, S.A. de C.V."
